FishingEntityID,CountryGroupID,GearGroupID,Layer3GearID
1,6,100,41
1,6,100,63
4,1,100,41
4,1,100,63
6,11,100,41
6,11,100,63
120,4,100,41
120,4,100,63
11,4,100,41
11,4,100,63
45,1,100,41
45,1,100,63
24,3,100,41
24,3,100,63
25,1,100,41
25,1,100,63
28,4,100,41
28,4,100,63
30,11,100,41
30,11,100,63
35,11,100,41
35,11,100,63
38,1,100,41
38,1,100,63
41,11,100,41
41,11,100,63
43,4,100,41
43,4,100,63
48,4,100,41
48,4,100,63
182,1,100,41
182,1,100,63
21,6,100,41
21,6,100,63
46,13,100,41
46,13,100,63
165,13,100,41
165,13,100,63
53,13,100,41
53,13,100,63
58,13,100,41
58,13,100,63
66,13,100,41
66,13,100,63
70,6,100,41
70,6,100,63
86,13,100,41
86,13,100,63
88,13,100,41
88,13,100,63
98,13,100,41
98,13,100,63
101,13,100,41
101,13,100,63
106,7,100,41
106,7,100,63
118,13,100,41
118,13,100,63
140,13,100,41
140,13,100,63
141,13,100,41
141,13,100,63
169,13,100,41
169,13,100,63
183,13,100,41
183,13,100,63
55,11,100,41
55,11,100,63
54,13,100,41
54,13,100,63
62,1,100,41
62,1,100,63
64,1,100,41
64,1,100,63
63,3,100,41
63,3,100,63
67,1,100,41
67,1,100,63
72,4,100,41
72,4,100,63
75,11,100,41
75,11,100,63
142,1,100,41
142,1,100,63
51,1,100,41
51,1,100,63
76,1,100,41
76,1,100,63
77,11,100,41
77,11,100,63
79,11,100,41
79,11,100,63
81,13,100,41
81,13,100,63
90,4,100,41
90,4,100,63
91,5,100,41
91,5,100,63
99,1,100,41
99,1,100,63
113,1,100,41
113,1,100,63
108,1,100,41
108,1,100,63
3000,13,100,41
3000,13,100,63
116,1,100,41
116,1,100,63
1000,2,100,41
1000,2,100,63
125,1,100,41
125,1,100,63
128,13,100,41
128,13,100,63
138,3,100,41
138,3,100,63
148,10,100,41
148,10,100,63
155,1,100,41
155,1,100,63
194,6,100,41
194,6,100,63
158,1,100,41
158,1,100,63
154,4,100,41
154,4,100,63
152,4,100,41
152,4,100,63
168,11,100,41
168,11,100,63
170,3,100,41
170,3,100,63
172,1,100,41
172,1,100,63
177,1,100,41
177,1,100,63
178,3,100,41
178,3,100,63
187,8,100,41
187,8,100,63
2000,12,100,41
2000,12,100,63
181,6,100,41
181,6,100,63
189,11,100,41
189,11,100,63
122,7,100,41
122,7,100,63
147,6,100,63
1,6,200,65
1,6,200,64
4,1,200,65
4,1,200,64
6,11,200,65
6,11,200,64
120,4,200,65
120,4,200,64
11,4,200,65
11,4,200,64
45,1,200,65
45,1,200,64
24,3,200,65
24,3,200,64
25,1,200,65
25,1,200,64
28,4,200,65
28,4,200,64
30,11,200,65
30,11,200,64
35,11,200,65
35,11,200,64
38,1,200,65
38,1,200,64
41,11,200,65
41,11,200,64
43,4,200,65
43,4,200,64
48,4,200,65
48,4,200,64
182,1,200,65
182,1,200,64
21,6,200,65
21,6,200,64
46,13,200,65
46,13,200,64
165,13,200,65
165,13,200,64
53,13,200,65
53,13,200,64
58,13,200,65
58,13,200,64
66,13,200,65
66,13,200,64
86,13,200,65
86,13,200,64
88,13,200,65
88,13,200,64
98,13,200,65
98,13,200,64
101,13,200,65
101,13,200,64
106,7,200,65
106,7,200,64
118,13,200,65
118,13,200,64
140,13,200,65
140,13,200,64
141,13,200,65
141,13,200,64
169,13,200,65
169,13,200,64
183,13,200,65
183,13,200,64
55,11,200,65
55,11,200,64
54,13,200,65
54,13,200,64
62,1,200,65
62,1,200,64
64,1,200,65
64,1,200,64
63,3,200,65
63,3,200,64
67,1,200,65
67,1,200,64
72,4,200,65
72,4,200,64
75,11,200,65
75,11,200,64
142,1,200,65
142,1,200,64
51,1,200,65
51,1,200,64
76,1,200,65
76,1,200,64
77,11,200,65
77,11,200,64
79,11,200,65
79,11,200,64
81,13,200,65
81,13,200,64
90,4,200,65
90,4,200,64
99,1,200,65
99,1,200,64
108,1,200,65
108,1,200,64
3000,13,200,65
3000,13,200,64
116,1,200,65
116,1,200,64
1000,2,200,65
1000,2,200,64
125,1,200,65
125,1,200,64
128,13,200,65
128,13,200,64
138,3,200,65
138,3,200,64
147,6,200,65
147,6,200,64
148,10,200,65
148,10,200,64
155,1,200,65
155,1,200,64
194,6,200,65
194,6,200,64
158,1,200,65
158,1,200,64
154,4,200,65
154,4,200,64
152,4,200,65
152,4,200,64
168,11,200,65
168,11,200,64
170,3,200,65
170,3,200,64
172,1,200,65
172,1,200,64
178,3,200,65
178,3,200,64
187,8,200,65
187,8,200,64
2000,12,200,65
2000,12,200,64
181,6,200,65
181,6,200,64
122,7,200,65
122,7,200,64
4,1,300,60
4,1,300,17
6,11,300,60
6,11,300,17
120,4,300,60
120,4,300,17
11,4,300,60
11,4,300,17
45,1,300,60
45,1,300,17
24,3,300,60
24,3,300,17
25,1,300,60
25,1,300,17
28,4,300,60
28,4,300,17
30,11,300,60
30,11,300,17
35,11,300,60
35,11,300,17
38,1,300,60
38,1,300,17
41,11,300,60
41,11,300,17
43,4,300,60
43,4,300,17
119,4,300,60
119,4,300,17
48,4,300,60
48,4,300,17
182,1,300,60
182,1,300,17
21,6,300,60
21,6,300,17
46,13,300,60
46,13,300,17
165,13,300,60
165,13,300,17
53,13,300,60
53,13,300,17
58,13,300,60
58,13,300,17
66,13,300,60
66,13,300,17
86,13,300,60
86,13,300,17
88,13,300,60
88,13,300,17
98,13,300,60
98,13,300,17
101,13,300,60
101,13,300,17
106,7,300,60
106,7,300,17
118,13,300,60
118,13,300,17
140,13,300,60
140,13,300,17
141,13,300,60
141,13,300,17
169,13,300,60
169,13,300,17
183,13,300,60
183,13,300,17
55,11,300,60
55,11,300,17
54,13,300,60
54,13,300,17
62,1,300,60
62,1,300,17
64,1,300,60
64,1,300,17
63,3,300,60
63,3,300,17
67,1,300,60
67,1,300,17
72,4,300,60
72,4,300,17
75,11,300,60
75,11,300,17
142,1,300,60
142,1,300,17
51,1,300,60
51,1,300,17
76,1,300,60
76,1,300,17
77,11,300,60
77,11,300,17
79,11,300,60
79,11,300,17
81,13,300,60
81,13,300,17
90,4,300,60
90,4,300,17
99,1,300,60
99,1,300,17
113,1,300,60
113,1,300,17
108,1,300,60
108,1,300,17
3000,13,300,60
3000,13,300,17
116,1,300,60
116,1,300,17
1000,2,300,60
1000,2,300,17
125,1,300,60
125,1,300,17
138,3,300,60
138,3,300,17
155,1,300,60
155,1,300,17
194,6,300,60
194,6,300,17
158,1,300,60
158,1,300,17
154,4,300,60
154,4,300,17
152,4,300,60
152,4,300,17
168,11,300,60
168,11,300,17
170,3,300,60
170,3,300,17
172,1,300,60
172,1,300,17
177,1,300,60
177,1,300,17
178,3,300,60
178,3,300,17
187,8,300,60
187,8,300,17
2000,12,300,60
2000,12,300,17
181,6,300,60
181,6,300,17
122,7,300,60
122,7,300,17
4,1,301,1
4,1,301,5
4,1,301,6
4,1,301,21
4,1,301,2
4,1,301,4
4,1,301,54
4,1,301,53
4,1,301,52
4,1,301,3
26,8,301,1
26,8,301,5
26,8,301,6
26,8,301,21
26,8,301,2
26,8,301,4
26,8,301,54
26,8,301,53
26,8,301,52
26,8,301,3
27,1,301,1
27,1,301,5
27,1,301,6
27,1,301,21
27,1,301,2
27,1,301,4
27,1,301,54
27,1,301,53
27,1,301,52
27,1,301,3
58,13,301,1
58,13,301,5
58,13,301,6
58,13,301,21
58,13,301,2
58,13,301,4
58,13,301,54
58,13,301,53
58,13,301,52
58,13,301,3
88,13,301,1
88,13,301,5
88,13,301,6
88,13,301,21
88,13,301,2
88,13,301,4
88,13,301,54
88,13,301,53
88,13,301,52
88,13,301,3
67,1,301,1
67,1,301,5
67,1,301,6
67,1,301,21
67,1,301,2
67,1,301,4
67,1,301,54
67,1,301,53
67,1,301,52
67,1,301,3
91,5,301,1
91,5,301,5
91,5,301,6
91,5,301,21
91,5,301,2
91,5,301,4
91,5,301,54
91,5,301,53
91,5,301,52
91,5,301,3
113,1,301,1
113,1,301,5
113,1,301,6
113,1,301,21
113,1,301,2
113,1,301,4
113,1,301,54
113,1,301,53
113,1,301,52
113,1,301,3
110,8,301,1
110,8,301,5
110,8,301,6
110,8,301,21
110,8,301,2
110,8,301,4
110,8,301,54
110,8,301,53
110,8,301,52
110,8,301,3
3000,13,301,1
3000,13,301,5
3000,13,301,6
3000,13,301,21
3000,13,301,2
3000,13,301,4
3000,13,301,54
3000,13,301,53
3000,13,301,52
3000,13,301,3
1000,2,301,1
1000,2,301,5
1000,2,301,6
1000,2,301,21
1000,2,301,2
1000,2,301,4
1000,2,301,54
1000,2,301,53
1000,2,301,52
1000,2,301,3
157,1,301,1
157,1,301,5
157,1,301,6
157,1,301,21
157,1,301,2
157,1,301,4
157,1,301,54
157,1,301,53
157,1,301,52
157,1,301,3
164,1,301,1
164,1,301,5
164,1,301,6
164,1,301,21
164,1,301,2
164,1,301,4
164,1,301,54
164,1,301,53
164,1,301,52
164,1,301,3
187,8,301,1
187,8,301,5
187,8,301,6
187,8,301,21
187,8,301,2
187,8,301,4
187,8,301,54
187,8,301,53
187,8,301,52
187,8,301,3
149,4,301,1
149,4,301,5
149,4,301,6
149,4,301,21
149,4,301,2
149,4,301,4
149,4,301,54
149,4,301,53
149,4,301,52
149,4,301,3
190,11,301,1
190,11,301,5
190,11,301,6
190,11,301,21
190,11,301,2
190,11,301,4
190,11,301,54
190,11,301,53
190,11,301,52
190,11,301,3
2,1,302,39
2,1,302,24
2,1,302,22
2,1,302,29
2,1,302,28
2,1,302,35
2,1,302,38
2,1,302,23
2,1,302,66
2,1,302,25
2,1,302,9
2,1,302,37
2,1,302,69
2,1,302,67
2,1,302,36
2,1,302,30
2,1,302,26
2,1,302,31
2,1,302,33
2,1,302,27
2,1,302,34
2,1,302,68
2,1,302,8
2,1,302,32
4,1,302,39
4,1,302,24
4,1,302,22
4,1,302,29
4,1,302,28
4,1,302,35
4,1,302,38
4,1,302,23
4,1,302,66
4,1,302,25
4,1,302,9
4,1,302,37
4,1,302,69
4,1,302,67
4,1,302,36
4,1,302,30
4,1,302,26
4,1,302,31
4,1,302,33
4,1,302,27
4,1,302,34
4,1,302,68
4,1,302,8
4,1,302,32
6,11,302,39
6,11,302,24
6,11,302,22
6,11,302,29
6,11,302,28
6,11,302,35
6,11,302,38
6,11,302,23
6,11,302,66
6,11,302,25
6,11,302,9
6,11,302,37
6,11,302,69
6,11,302,67
6,11,302,36
6,11,302,30
6,11,302,26
6,11,302,31
6,11,302,33
6,11,302,27
6,11,302,34
6,11,302,68
6,11,302,8
6,11,302,32
120,4,302,39
120,4,302,24
120,4,302,22
120,4,302,29
120,4,302,28
120,4,302,35
120,4,302,38
120,4,302,23
120,4,302,66
120,4,302,25
120,4,302,9
120,4,302,37
120,4,302,69
120,4,302,67
120,4,302,36
120,4,302,30
120,4,302,26
120,4,302,31
120,4,302,33
120,4,302,27
120,4,302,34
120,4,302,68
120,4,302,8
120,4,302,32
11,4,302,39
11,4,302,24
11,4,302,22
11,4,302,29
11,4,302,28
11,4,302,35
11,4,302,38
11,4,302,23
11,4,302,66
11,4,302,25
11,4,302,9
11,4,302,37
11,4,302,69
11,4,302,67
11,4,302,36
11,4,302,30
11,4,302,26
11,4,302,31
11,4,302,33
11,4,302,27
11,4,302,34
11,4,302,68
11,4,302,8
11,4,302,32
16,7,302,39
16,7,302,24
16,7,302,22
16,7,302,29
16,7,302,28
16,7,302,35
16,7,302,38
16,7,302,23
16,7,302,66
16,7,302,25
16,7,302,9
16,7,302,37
16,7,302,69
16,7,302,67
16,7,302,36
16,7,302,30
16,7,302,26
16,7,302,31
16,7,302,33
16,7,302,27
16,7,302,34
16,7,302,68
16,7,302,8
16,7,302,32
45,1,302,39
45,1,302,24
45,1,302,22
45,1,302,29
45,1,302,28
45,1,302,35
45,1,302,38
45,1,302,23
45,1,302,66
45,1,302,25
45,1,302,9
45,1,302,37
45,1,302,69
45,1,302,67
45,1,302,36
45,1,302,30
45,1,302,26
45,1,302,31
45,1,302,33
45,1,302,27
45,1,302,34
45,1,302,68
45,1,302,8
45,1,302,32
24,3,302,39
24,3,302,24
24,3,302,22
24,3,302,29
24,3,302,28
24,3,302,35
24,3,302,38
24,3,302,23
24,3,302,66
24,3,302,25
24,3,302,9
24,3,302,37
24,3,302,69
24,3,302,67
24,3,302,36
24,3,302,30
24,3,302,26
24,3,302,31
24,3,302,33
24,3,302,27
24,3,302,34
24,3,302,68
24,3,302,8
24,3,302,32
25,1,302,39
25,1,302,24
25,1,302,22
25,1,302,29
25,1,302,28
25,1,302,35
25,1,302,38
25,1,302,23
25,1,302,66
25,1,302,25
25,1,302,9
25,1,302,37
25,1,302,69
25,1,302,67
25,1,302,36
25,1,302,30
25,1,302,26
25,1,302,31
25,1,302,33
25,1,302,27
25,1,302,34
25,1,302,68
25,1,302,8
25,1,302,32
26,8,302,39
26,8,302,24
26,8,302,22
26,8,302,29
26,8,302,28
26,8,302,35
26,8,302,38
26,8,302,23
26,8,302,66
26,8,302,25
26,8,302,9
26,8,302,37
26,8,302,69
26,8,302,67
26,8,302,36
26,8,302,30
26,8,302,26
26,8,302,31
26,8,302,33
26,8,302,27
26,8,302,34
26,8,302,68
26,8,302,8
26,8,302,32
27,1,302,39
27,1,302,24
27,1,302,22
27,1,302,29
27,1,302,28
27,1,302,35
27,1,302,38
27,1,302,23
27,1,302,66
27,1,302,25
27,1,302,9
27,1,302,37
27,1,302,69
27,1,302,67
27,1,302,36
27,1,302,30
27,1,302,26
27,1,302,31
27,1,302,33
27,1,302,27
27,1,302,34
27,1,302,68
27,1,302,8
27,1,302,32
28,4,302,39
28,4,302,24
28,4,302,22
28,4,302,29
28,4,302,28
28,4,302,35
28,4,302,38
28,4,302,23
28,4,302,66
28,4,302,25
28,4,302,9
28,4,302,37
28,4,302,69
28,4,302,67
28,4,302,36
28,4,302,30
28,4,302,26
28,4,302,31
28,4,302,33
28,4,302,27
28,4,302,34
28,4,302,68
28,4,302,8
28,4,302,32
30,11,302,39
30,11,302,24
30,11,302,22
30,11,302,29
30,11,302,28
30,11,302,35
30,11,302,38
30,11,302,23
30,11,302,66
30,11,302,25
30,11,302,9
30,11,302,37
30,11,302,69
30,11,302,67
30,11,302,36
30,11,302,30
30,11,302,26
30,11,302,31
30,11,302,33
30,11,302,27
30,11,302,34
30,11,302,68
30,11,302,8
30,11,302,32
32,5,302,39
32,5,302,24
32,5,302,22
32,5,302,29
32,5,302,28
32,5,302,35
32,5,302,38
32,5,302,23
32,5,302,66
32,5,302,25
32,5,302,9
32,5,302,37
32,5,302,69
32,5,302,67
32,5,302,36
32,5,302,30
32,5,302,26
32,5,302,31
32,5,302,33
32,5,302,27
32,5,302,34
32,5,302,68
32,5,302,8
32,5,302,32
35,11,302,39
35,11,302,24
35,11,302,22
35,11,302,29
35,11,302,28
35,11,302,35
35,11,302,38
35,11,302,23
35,11,302,66
35,11,302,25
35,11,302,9
35,11,302,37
35,11,302,69
35,11,302,67
35,11,302,36
35,11,302,30
35,11,302,26
35,11,302,31
35,11,302,33
35,11,302,27
35,11,302,34
35,11,302,68
35,11,302,8
35,11,302,32
38,1,302,39
38,1,302,24
38,1,302,22
38,1,302,29
38,1,302,28
38,1,302,35
38,1,302,38
38,1,302,23
38,1,302,66
38,1,302,25
38,1,302,9
38,1,302,37
38,1,302,69
38,1,302,67
38,1,302,36
38,1,302,30
38,1,302,26
38,1,302,31
38,1,302,33
38,1,302,27
38,1,302,34
38,1,302,68
38,1,302,8
38,1,302,32
41,11,302,39
41,11,302,24
41,11,302,22
41,11,302,29
41,11,302,28
41,11,302,35
41,11,302,38
41,11,302,23
41,11,302,66
41,11,302,25
41,11,302,9
41,11,302,37
41,11,302,69
41,11,302,67
41,11,302,36
41,11,302,30
41,11,302,26
41,11,302,31
41,11,302,33
41,11,302,27
41,11,302,34
41,11,302,68
41,11,302,8
41,11,302,32
89,1,302,39
89,1,302,24
89,1,302,22
89,1,302,29
89,1,302,28
89,1,302,35
89,1,302,38
89,1,302,23
89,1,302,66
89,1,302,25
89,1,302,9
89,1,302,37
89,1,302,69
89,1,302,67
89,1,302,36
89,1,302,30
89,1,302,26
89,1,302,31
89,1,302,33
89,1,302,27
89,1,302,34
89,1,302,68
89,1,302,8
89,1,302,32
43,4,302,39
43,4,302,24
43,4,302,22
43,4,302,29
43,4,302,28
43,4,302,35
43,4,302,38
43,4,302,23
43,4,302,66
43,4,302,25
43,4,302,9
43,4,302,37
43,4,302,69
43,4,302,67
43,4,302,36
43,4,302,30
43,4,302,26
43,4,302,31
43,4,302,33
43,4,302,27
43,4,302,34
43,4,302,68
43,4,302,8
43,4,302,32
119,4,302,39
119,4,302,24
119,4,302,22
119,4,302,29
119,4,302,28
119,4,302,35
119,4,302,38
119,4,302,23
119,4,302,66
119,4,302,25
119,4,302,9
119,4,302,37
119,4,302,69
119,4,302,67
119,4,302,36
119,4,302,30
119,4,302,26
119,4,302,31
119,4,302,33
119,4,302,27
119,4,302,34
119,4,302,68
119,4,302,8
119,4,302,32
47,4,302,39
47,4,302,24
47,4,302,22
47,4,302,29
47,4,302,28
47,4,302,35
47,4,302,38
47,4,302,23
47,4,302,66
47,4,302,25
47,4,302,9
47,4,302,37
47,4,302,69
47,4,302,67
47,4,302,36
47,4,302,30
47,4,302,26
47,4,302,31
47,4,302,33
47,4,302,27
47,4,302,34
47,4,302,68
47,4,302,8
47,4,302,32
48,4,302,39
48,4,302,24
48,4,302,22
48,4,302,29
48,4,302,28
48,4,302,35
48,4,302,38
48,4,302,23
48,4,302,66
48,4,302,25
48,4,302,9
48,4,302,37
48,4,302,69
48,4,302,67
48,4,302,36
48,4,302,30
48,4,302,26
48,4,302,31
48,4,302,33
48,4,302,27
48,4,302,34
48,4,302,68
48,4,302,8
48,4,302,32
182,1,302,39
182,1,302,24
182,1,302,22
182,1,302,29
182,1,302,28
182,1,302,35
182,1,302,38
182,1,302,23
182,1,302,66
182,1,302,25
182,1,302,9
182,1,302,37
182,1,302,69
182,1,302,67
182,1,302,36
182,1,302,30
182,1,302,26
182,1,302,31
182,1,302,33
182,1,302,27
182,1,302,34
182,1,302,68
182,1,302,8
182,1,302,32
21,6,302,39
21,6,302,24
21,6,302,22
21,6,302,29
21,6,302,28
21,6,302,35
21,6,302,38
21,6,302,23
21,6,302,66
21,6,302,25
21,6,302,9
21,6,302,37
21,6,302,69
21,6,302,67
21,6,302,36
21,6,302,30
21,6,302,26
21,6,302,31
21,6,302,33
21,6,302,27
21,6,302,34
21,6,302,68
21,6,302,8
21,6,302,32
42,6,302,39
42,6,302,24
42,6,302,22
42,6,302,29
42,6,302,28
42,6,302,35
42,6,302,38
42,6,302,23
42,6,302,66
42,6,302,25
42,6,302,9
42,6,302,37
42,6,302,69
42,6,302,67
42,6,302,36
42,6,302,30
42,6,302,26
42,6,302,31
42,6,302,33
42,6,302,27
42,6,302,34
42,6,302,68
42,6,302,8
42,6,302,32
44,7,302,39
44,7,302,24
44,7,302,22
44,7,302,29
44,7,302,28
44,7,302,35
44,7,302,38
44,7,302,23
44,7,302,66
44,7,302,25
44,7,302,9
44,7,302,37
44,7,302,69
44,7,302,67
44,7,302,36
44,7,302,30
44,7,302,26
44,7,302,31
44,7,302,33
44,7,302,27
44,7,302,34
44,7,302,68
44,7,302,8
44,7,302,32
46,13,302,39
46,13,302,24
46,13,302,22
46,13,302,29
46,13,302,28
46,13,302,35
46,13,302,38
46,13,302,23
46,13,302,66
46,13,302,25
46,13,302,9
46,13,302,37
46,13,302,69
46,13,302,67
46,13,302,36
46,13,302,30
46,13,302,26
46,13,302,31
46,13,302,33
46,13,302,27
46,13,302,34
46,13,302,68
46,13,302,8
46,13,302,32
165,13,302,39
165,13,302,24
165,13,302,22
165,13,302,29
165,13,302,28
165,13,302,35
165,13,302,38
165,13,302,23
165,13,302,66
165,13,302,25
165,13,302,9
165,13,302,37
165,13,302,69
165,13,302,67
165,13,302,36
165,13,302,30
165,13,302,26
165,13,302,31
165,13,302,33
165,13,302,27
165,13,302,34
165,13,302,68
165,13,302,8
165,13,302,32
53,13,302,39
53,13,302,24
53,13,302,22
53,13,302,29
53,13,302,28
53,13,302,35
53,13,302,38
53,13,302,23
53,13,302,66
53,13,302,25
53,13,302,9
53,13,302,37
53,13,302,69
53,13,302,67
53,13,302,36
53,13,302,30
53,13,302,26
53,13,302,31
53,13,302,33
53,13,302,27
53,13,302,34
53,13,302,68
53,13,302,8
53,13,302,32
58,13,302,39
58,13,302,24
58,13,302,22
58,13,302,29
58,13,302,28
58,13,302,35
58,13,302,38
58,13,302,23
58,13,302,66
58,13,302,25
58,13,302,9
58,13,302,37
58,13,302,69
58,13,302,67
58,13,302,36
58,13,302,30
58,13,302,26
58,13,302,31
58,13,302,33
58,13,302,27
58,13,302,34
58,13,302,68
58,13,302,8
58,13,302,32
66,13,302,39
66,13,302,24
66,13,302,22
66,13,302,29
66,13,302,28
66,13,302,35
66,13,302,38
66,13,302,23
66,13,302,66
66,13,302,25
66,13,302,9
66,13,302,37
66,13,302,69
66,13,302,67
66,13,302,36
66,13,302,30
66,13,302,26
66,13,302,31
66,13,302,33
66,13,302,27
66,13,302,34
66,13,302,68
66,13,302,8
66,13,302,32
70,6,302,39
70,6,302,24
70,6,302,22
70,6,302,29
70,6,302,28
70,6,302,35
70,6,302,38
70,6,302,23
70,6,302,66
70,6,302,25
70,6,302,9
70,6,302,37
70,6,302,69
70,6,302,67
70,6,302,36
70,6,302,30
70,6,302,26
70,6,302,31
70,6,302,33
70,6,302,27
70,6,302,34
70,6,302,68
70,6,302,8
70,6,302,32
86,13,302,39
86,13,302,24
86,13,302,22
86,13,302,29
86,13,302,28
86,13,302,35
86,13,302,38
86,13,302,23
86,13,302,66
86,13,302,25
86,13,302,9
86,13,302,37
86,13,302,69
86,13,302,67
86,13,302,36
86,13,302,30
86,13,302,26
86,13,302,31
86,13,302,33
86,13,302,27
86,13,302,34
86,13,302,68
86,13,302,8
86,13,302,32
88,13,302,39
88,13,302,24
88,13,302,22
88,13,302,29
88,13,302,28
88,13,302,35
88,13,302,38
88,13,302,23
88,13,302,66
88,13,302,25
88,13,302,9
88,13,302,37
88,13,302,69
88,13,302,67
88,13,302,36
88,13,302,30
88,13,302,26
88,13,302,31
88,13,302,33
88,13,302,27
88,13,302,34
88,13,302,68
88,13,302,8
88,13,302,32
98,13,302,39
98,13,302,24
98,13,302,22
98,13,302,29
98,13,302,28
98,13,302,35
98,13,302,38
98,13,302,23
98,13,302,66
98,13,302,25
98,13,302,9
98,13,302,37
98,13,302,69
98,13,302,67
98,13,302,36
98,13,302,30
98,13,302,26
98,13,302,31
98,13,302,33
98,13,302,27
98,13,302,34
98,13,302,68
98,13,302,8
98,13,302,32
101,13,302,39
101,13,302,24
101,13,302,22
101,13,302,29
101,13,302,28
101,13,302,35
101,13,302,38
101,13,302,23
101,13,302,66
101,13,302,25
101,13,302,9
101,13,302,37
101,13,302,69
101,13,302,67
101,13,302,36
101,13,302,30
101,13,302,26
101,13,302,31
101,13,302,33
101,13,302,27
101,13,302,34
101,13,302,68
101,13,302,8
101,13,302,32
106,7,302,39
106,7,302,24
106,7,302,22
106,7,302,29
106,7,302,28
106,7,302,35
106,7,302,38
106,7,302,23
106,7,302,66
106,7,302,25
106,7,302,9
106,7,302,37
106,7,302,69
106,7,302,67
106,7,302,36
106,7,302,30
106,7,302,26
106,7,302,31
106,7,302,33
106,7,302,27
106,7,302,34
106,7,302,68
106,7,302,8
106,7,302,32
118,13,302,39
118,13,302,24
118,13,302,22
118,13,302,29
118,13,302,28
118,13,302,35
118,13,302,38
118,13,302,23
118,13,302,66
118,13,302,25
118,13,302,9
118,13,302,37
118,13,302,69
118,13,302,67
118,13,302,36
118,13,302,30
118,13,302,26
118,13,302,31
118,13,302,33
118,13,302,27
118,13,302,34
118,13,302,68
118,13,302,8
118,13,302,32
140,13,302,39
140,13,302,24
140,13,302,22
140,13,302,29
140,13,302,28
140,13,302,35
140,13,302,38
140,13,302,23
140,13,302,66
140,13,302,25
140,13,302,9
140,13,302,37
140,13,302,69
140,13,302,67
140,13,302,36
140,13,302,30
140,13,302,26
140,13,302,31
140,13,302,33
140,13,302,27
140,13,302,34
140,13,302,68
140,13,302,8
140,13,302,32
141,13,302,39
141,13,302,24
141,13,302,22
141,13,302,29
141,13,302,28
141,13,302,35
141,13,302,38
141,13,302,23
141,13,302,66
141,13,302,25
141,13,302,9
141,13,302,37
141,13,302,69
141,13,302,67
141,13,302,36
141,13,302,30
141,13,302,26
141,13,302,31
141,13,302,33
141,13,302,27
141,13,302,34
141,13,302,68
141,13,302,8
141,13,302,32
169,13,302,39
169,13,302,24
169,13,302,22
169,13,302,29
169,13,302,28
169,13,302,35
169,13,302,38
169,13,302,23
169,13,302,66
169,13,302,25
169,13,302,9
169,13,302,37
169,13,302,69
169,13,302,67
169,13,302,36
169,13,302,30
169,13,302,26
169,13,302,31
169,13,302,33
169,13,302,27
169,13,302,34
169,13,302,68
169,13,302,8
169,13,302,32
183,13,302,39
183,13,302,24
183,13,302,22
183,13,302,29
183,13,302,28
183,13,302,35
183,13,302,38
183,13,302,23
183,13,302,66
183,13,302,25
183,13,302,9
183,13,302,37
183,13,302,69
183,13,302,67
183,13,302,36
183,13,302,30
183,13,302,26
183,13,302,31
183,13,302,33
183,13,302,27
183,13,302,34
183,13,302,68
183,13,302,8
183,13,302,32
55,11,302,39
55,11,302,24
55,11,302,22
55,11,302,29
55,11,302,28
55,11,302,35
55,11,302,38
55,11,302,23
55,11,302,66
55,11,302,25
55,11,302,9
55,11,302,37
55,11,302,69
55,11,302,67
55,11,302,36
55,11,302,30
55,11,302,26
55,11,302,31
55,11,302,33
55,11,302,27
55,11,302,34
55,11,302,68
55,11,302,8
55,11,302,32
54,13,302,39
54,13,302,24
54,13,302,22
54,13,302,29
54,13,302,28
54,13,302,35
54,13,302,38
54,13,302,23
54,13,302,66
54,13,302,25
54,13,302,9
54,13,302,37
54,13,302,69
54,13,302,67
54,13,302,36
54,13,302,30
54,13,302,26
54,13,302,31
54,13,302,33
54,13,302,27
54,13,302,34
54,13,302,68
54,13,302,8
54,13,302,32
153,8,302,39
153,8,302,24
153,8,302,22
153,8,302,29
153,8,302,28
153,8,302,35
153,8,302,38
153,8,302,23
153,8,302,66
153,8,302,25
153,8,302,9
153,8,302,37
153,8,302,69
153,8,302,67
153,8,302,36
153,8,302,30
153,8,302,26
153,8,302,31
153,8,302,33
153,8,302,27
153,8,302,34
153,8,302,68
153,8,302,8
153,8,302,32
62,1,302,39
62,1,302,24
62,1,302,22
62,1,302,29
62,1,302,28
62,1,302,35
62,1,302,38
62,1,302,23
62,1,302,66
62,1,302,25
62,1,302,9
62,1,302,37
62,1,302,69
62,1,302,67
62,1,302,36
62,1,302,30
62,1,302,26
62,1,302,31
62,1,302,33
62,1,302,27
62,1,302,34
62,1,302,68
62,1,302,8
62,1,302,32
64,1,302,39
64,1,302,24
64,1,302,22
64,1,302,29
64,1,302,28
64,1,302,35
64,1,302,38
64,1,302,23
64,1,302,66
64,1,302,25
64,1,302,9
64,1,302,37
64,1,302,69
64,1,302,67
64,1,302,36
64,1,302,30
64,1,302,26
64,1,302,31
64,1,302,33
64,1,302,27
64,1,302,34
64,1,302,68
64,1,302,8
64,1,302,32
63,3,302,39
63,3,302,24
63,3,302,22
63,3,302,29
63,3,302,28
63,3,302,35
63,3,302,38
63,3,302,23
63,3,302,66
63,3,302,25
63,3,302,9
63,3,302,37
63,3,302,69
63,3,302,67
63,3,302,36
63,3,302,30
63,3,302,26
63,3,302,31
63,3,302,33
63,3,302,27
63,3,302,34
63,3,302,68
63,3,302,8
63,3,302,32
67,1,302,39
67,1,302,24
67,1,302,22
67,1,302,29
67,1,302,28
67,1,302,35
67,1,302,38
67,1,302,23
67,1,302,66
67,1,302,25
67,1,302,9
67,1,302,37
67,1,302,69
67,1,302,67
67,1,302,36
67,1,302,30
67,1,302,26
67,1,302,31
67,1,302,33
67,1,302,27
67,1,302,34
67,1,302,68
67,1,302,8
67,1,302,32
72,4,302,39
72,4,302,24
72,4,302,22
72,4,302,29
72,4,302,28
72,4,302,35
72,4,302,38
72,4,302,23
72,4,302,66
72,4,302,25
72,4,302,9
72,4,302,37
72,4,302,69
72,4,302,67
72,4,302,36
72,4,302,30
72,4,302,26
72,4,302,31
72,4,302,33
72,4,302,27
72,4,302,34
72,4,302,68
72,4,302,8
72,4,302,32
75,11,302,39
75,11,302,24
75,11,302,22
75,11,302,29
75,11,302,28
75,11,302,35
75,11,302,38
75,11,302,23
75,11,302,66
75,11,302,25
75,11,302,9
75,11,302,37
75,11,302,69
75,11,302,67
75,11,302,36
75,11,302,30
75,11,302,26
75,11,302,31
75,11,302,33
75,11,302,27
75,11,302,34
75,11,302,68
75,11,302,8
75,11,302,32
142,1,302,39
142,1,302,24
142,1,302,22
142,1,302,29
142,1,302,28
142,1,302,35
142,1,302,38
142,1,302,23
142,1,302,66
142,1,302,25
142,1,302,9
142,1,302,37
142,1,302,69
142,1,302,67
142,1,302,36
142,1,302,30
142,1,302,26
142,1,302,31
142,1,302,33
142,1,302,27
142,1,302,34
142,1,302,68
142,1,302,8
142,1,302,32
51,1,302,39
51,1,302,24
51,1,302,22
51,1,302,29
51,1,302,28
51,1,302,35
51,1,302,38
51,1,302,23
51,1,302,66
51,1,302,25
51,1,302,9
51,1,302,37
51,1,302,69
51,1,302,67
51,1,302,36
51,1,302,30
51,1,302,26
51,1,302,31
51,1,302,33
51,1,302,27
51,1,302,34
51,1,302,68
51,1,302,8
51,1,302,32
76,1,302,39
76,1,302,24
76,1,302,22
76,1,302,29
76,1,302,28
76,1,302,35
76,1,302,38
76,1,302,23
76,1,302,66
76,1,302,25
76,1,302,9
76,1,302,37
76,1,302,69
76,1,302,67
76,1,302,36
76,1,302,30
76,1,302,26
76,1,302,31
76,1,302,33
76,1,302,27
76,1,302,34
76,1,302,68
76,1,302,8
76,1,302,32
77,11,302,39
77,11,302,24
77,11,302,22
77,11,302,29
77,11,302,28
77,11,302,35
77,11,302,38
77,11,302,23
77,11,302,66
77,11,302,25
77,11,302,9
77,11,302,37
77,11,302,69
77,11,302,67
77,11,302,36
77,11,302,30
77,11,302,26
77,11,302,31
77,11,302,33
77,11,302,27
77,11,302,34
77,11,302,68
77,11,302,8
77,11,302,32
79,11,302,39
79,11,302,24
79,11,302,22
79,11,302,29
79,11,302,28
79,11,302,35
79,11,302,38
79,11,302,23
79,11,302,66
79,11,302,25
79,11,302,9
79,11,302,37
79,11,302,69
79,11,302,67
79,11,302,36
79,11,302,30
79,11,302,26
79,11,302,31
79,11,302,33
79,11,302,27
79,11,302,34
79,11,302,68
79,11,302,8
79,11,302,32
81,13,302,39
81,13,302,24
81,13,302,22
81,13,302,29
81,13,302,28
81,13,302,35
81,13,302,38
81,13,302,23
81,13,302,66
81,13,302,25
81,13,302,9
81,13,302,37
81,13,302,69
81,13,302,67
81,13,302,36
81,13,302,30
81,13,302,26
81,13,302,31
81,13,302,33
81,13,302,27
81,13,302,34
81,13,302,68
81,13,302,8
81,13,302,32
90,4,302,39
90,4,302,24
90,4,302,22
90,4,302,29
90,4,302,28
90,4,302,35
90,4,302,38
90,4,302,23
90,4,302,66
90,4,302,25
90,4,302,9
90,4,302,37
90,4,302,69
90,4,302,67
90,4,302,36
90,4,302,30
90,4,302,26
90,4,302,31
90,4,302,33
90,4,302,27
90,4,302,34
90,4,302,68
90,4,302,8
90,4,302,32
91,5,302,39
91,5,302,24
91,5,302,22
91,5,302,29
91,5,302,28
91,5,302,35
91,5,302,38
91,5,302,23
91,5,302,66
91,5,302,25
91,5,302,9
91,5,302,37
91,5,302,69
91,5,302,67
91,5,302,36
91,5,302,30
91,5,302,26
91,5,302,31
91,5,302,33
91,5,302,27
91,5,302,34
91,5,302,68
91,5,302,8
91,5,302,32
95,5,302,39
95,5,302,24
95,5,302,22
95,5,302,29
95,5,302,28
95,5,302,35
95,5,302,38
95,5,302,23
95,5,302,66
95,5,302,25
95,5,302,9
95,5,302,37
95,5,302,69
95,5,302,67
95,5,302,36
95,5,302,30
95,5,302,26
95,5,302,31
95,5,302,33
95,5,302,27
95,5,302,34
95,5,302,68
95,5,302,8
95,5,302,32
99,1,302,39
99,1,302,24
99,1,302,22
99,1,302,29
99,1,302,28
99,1,302,35
99,1,302,38
99,1,302,23
99,1,302,66
99,1,302,25
99,1,302,9
99,1,302,37
99,1,302,69
99,1,302,67
99,1,302,36
99,1,302,30
99,1,302,26
99,1,302,31
99,1,302,33
99,1,302,27
99,1,302,34
99,1,302,68
99,1,302,8
99,1,302,32
100,1,302,39
100,1,302,24
100,1,302,22
100,1,302,29
100,1,302,28
100,1,302,35
100,1,302,38
100,1,302,23
100,1,302,66
100,1,302,25
100,1,302,9
100,1,302,37
100,1,302,69
100,1,302,67
100,1,302,36
100,1,302,30
100,1,302,26
100,1,302,31
100,1,302,33
100,1,302,27
100,1,302,34
100,1,302,68
100,1,302,8
100,1,302,32
113,1,302,39
113,1,302,24
113,1,302,22
113,1,302,29
113,1,302,28
113,1,302,35
113,1,302,38
113,1,302,23
113,1,302,66
113,1,302,25
113,1,302,9
113,1,302,37
113,1,302,69
113,1,302,67
113,1,302,36
113,1,302,30
113,1,302,26
113,1,302,31
113,1,302,33
113,1,302,27
113,1,302,34
113,1,302,68
113,1,302,8
113,1,302,32
108,1,302,39
108,1,302,24
108,1,302,22
108,1,302,29
108,1,302,28
108,1,302,35
108,1,302,38
108,1,302,23
108,1,302,66
108,1,302,25
108,1,302,9
108,1,302,37
108,1,302,69
108,1,302,67
108,1,302,36
108,1,302,30
108,1,302,26
108,1,302,31
108,1,302,33
108,1,302,27
108,1,302,34
108,1,302,68
108,1,302,8
108,1,302,32
110,8,302,39
110,8,302,24
110,8,302,22
110,8,302,29
110,8,302,28
110,8,302,35
110,8,302,38
110,8,302,23
110,8,302,66
110,8,302,25
110,8,302,9
110,8,302,37
110,8,302,69
110,8,302,67
110,8,302,36
110,8,302,30
110,8,302,26
110,8,302,31
110,8,302,33
110,8,302,27
110,8,302,34
110,8,302,68
110,8,302,8
110,8,302,32
3000,13,302,39
3000,13,302,24
3000,13,302,22
3000,13,302,29
3000,13,302,28
3000,13,302,35
3000,13,302,38
3000,13,302,23
3000,13,302,66
3000,13,302,25
3000,13,302,9
3000,13,302,37
3000,13,302,69
3000,13,302,67
3000,13,302,36
3000,13,302,30
3000,13,302,26
3000,13,302,31
3000,13,302,33
3000,13,302,27
3000,13,302,34
3000,13,302,68
3000,13,302,8
3000,13,302,32
116,1,302,39
116,1,302,24
116,1,302,22
116,1,302,29
116,1,302,28
116,1,302,35
116,1,302,38
116,1,302,23
116,1,302,66
116,1,302,25
116,1,302,9
116,1,302,37
116,1,302,69
116,1,302,67
116,1,302,36
116,1,302,30
116,1,302,26
116,1,302,31
116,1,302,33
116,1,302,27
116,1,302,34
116,1,302,68
116,1,302,8
116,1,302,32
1000,2,302,39
1000,2,302,24
1000,2,302,22
1000,2,302,29
1000,2,302,28
1000,2,302,35
1000,2,302,38
1000,2,302,23
1000,2,302,66
1000,2,302,25
1000,2,302,9
1000,2,302,37
1000,2,302,69
1000,2,302,67
1000,2,302,36
1000,2,302,30
1000,2,302,26
1000,2,302,31
1000,2,302,33
1000,2,302,27
1000,2,302,34
1000,2,302,68
1000,2,302,8
1000,2,302,32
128,13,302,39
128,13,302,24
128,13,302,22
128,13,302,29
128,13,302,28
128,13,302,35
128,13,302,38
128,13,302,23
128,13,302,66
128,13,302,25
128,13,302,9
128,13,302,37
128,13,302,69
128,13,302,67
128,13,302,36
128,13,302,30
128,13,302,26
128,13,302,31
128,13,302,33
128,13,302,27
128,13,302,34
128,13,302,68
128,13,302,8
128,13,302,32
135,7,302,39
135,7,302,24
135,7,302,22
135,7,302,29
135,7,302,28
135,7,302,35
135,7,302,38
135,7,302,23
135,7,302,66
135,7,302,25
135,7,302,9
135,7,302,37
135,7,302,69
135,7,302,67
135,7,302,36
135,7,302,30
135,7,302,26
135,7,302,31
135,7,302,33
135,7,302,27
135,7,302,34
135,7,302,68
135,7,302,8
135,7,302,32
138,3,302,39
138,3,302,24
138,3,302,22
138,3,302,29
138,3,302,28
138,3,302,35
138,3,302,38
138,3,302,23
138,3,302,66
138,3,302,25
138,3,302,9
138,3,302,37
138,3,302,69
138,3,302,67
138,3,302,36
138,3,302,30
138,3,302,26
138,3,302,31
138,3,302,33
138,3,302,27
138,3,302,34
138,3,302,68
138,3,302,8
138,3,302,32
155,1,302,39
155,1,302,24
155,1,302,22
155,1,302,29
155,1,302,28
155,1,302,35
155,1,302,38
155,1,302,23
155,1,302,66
155,1,302,25
155,1,302,9
155,1,302,37
155,1,302,69
155,1,302,67
155,1,302,36
155,1,302,30
155,1,302,26
155,1,302,31
155,1,302,33
155,1,302,27
155,1,302,34
155,1,302,68
155,1,302,8
155,1,302,32
150,4,302,39
150,4,302,24
150,4,302,22
150,4,302,29
150,4,302,28
150,4,302,35
150,4,302,38
150,4,302,23
150,4,302,66
150,4,302,25
150,4,302,9
150,4,302,37
150,4,302,69
150,4,302,67
150,4,302,36
150,4,302,30
150,4,302,26
150,4,302,31
150,4,302,33
150,4,302,27
150,4,302,34
150,4,302,68
150,4,302,8
150,4,302,32
157,1,302,39
157,1,302,24
157,1,302,22
157,1,302,29
157,1,302,28
157,1,302,35
157,1,302,38
157,1,302,23
157,1,302,66
157,1,302,25
157,1,302,9
157,1,302,37
157,1,302,69
157,1,302,67
157,1,302,36
157,1,302,30
157,1,302,26
157,1,302,31
157,1,302,33
157,1,302,27
157,1,302,34
157,1,302,68
157,1,302,8
157,1,302,32
194,6,302,39
194,6,302,24
194,6,302,22
194,6,302,29
194,6,302,28
194,6,302,35
194,6,302,38
194,6,302,23
194,6,302,66
194,6,302,25
194,6,302,9
194,6,302,37
194,6,302,69
194,6,302,67
194,6,302,36
194,6,302,30
194,6,302,26
194,6,302,31
194,6,302,33
194,6,302,27
194,6,302,34
194,6,302,68
194,6,302,8
194,6,302,32
158,1,302,39
158,1,302,24
158,1,302,22
158,1,302,29
158,1,302,28
158,1,302,35
158,1,302,38
158,1,302,23
158,1,302,66
158,1,302,25
158,1,302,9
158,1,302,37
158,1,302,69
158,1,302,67
158,1,302,36
158,1,302,30
158,1,302,26
158,1,302,31
158,1,302,33
158,1,302,27
158,1,302,34
158,1,302,68
158,1,302,8
158,1,302,32
159,1,302,39
159,1,302,24
159,1,302,22
159,1,302,29
159,1,302,28
159,1,302,35
159,1,302,38
159,1,302,23
159,1,302,66
159,1,302,25
159,1,302,9
159,1,302,37
159,1,302,69
159,1,302,67
159,1,302,36
159,1,302,30
159,1,302,26
159,1,302,31
159,1,302,33
159,1,302,27
159,1,302,34
159,1,302,68
159,1,302,8
159,1,302,32
164,1,302,39
164,1,302,24
164,1,302,22
164,1,302,29
164,1,302,28
164,1,302,35
164,1,302,38
164,1,302,23
164,1,302,66
164,1,302,25
164,1,302,9
164,1,302,37
164,1,302,69
164,1,302,67
164,1,302,36
164,1,302,30
164,1,302,26
164,1,302,31
164,1,302,33
164,1,302,27
164,1,302,34
164,1,302,68
164,1,302,8
164,1,302,32
154,4,302,39
154,4,302,24
154,4,302,22
154,4,302,29
154,4,302,28
154,4,302,35
154,4,302,38
154,4,302,23
154,4,302,66
154,4,302,25
154,4,302,9
154,4,302,37
154,4,302,69
154,4,302,67
154,4,302,36
154,4,302,30
154,4,302,26
154,4,302,31
154,4,302,33
154,4,302,27
154,4,302,34
154,4,302,68
154,4,302,8
154,4,302,32
152,4,302,39
152,4,302,24
152,4,302,22
152,4,302,29
152,4,302,28
152,4,302,35
152,4,302,38
152,4,302,23
152,4,302,66
152,4,302,25
152,4,302,9
152,4,302,37
152,4,302,69
152,4,302,67
152,4,302,36
152,4,302,30
152,4,302,26
152,4,302,31
152,4,302,33
152,4,302,27
152,4,302,34
152,4,302,68
152,4,302,8
152,4,302,32
168,11,302,39
168,11,302,24
168,11,302,22
168,11,302,29
168,11,302,28
168,11,302,35
168,11,302,38
168,11,302,23
168,11,302,66
168,11,302,25
168,11,302,9
168,11,302,37
168,11,302,69
168,11,302,67
168,11,302,36
168,11,302,30
168,11,302,26
168,11,302,31
168,11,302,33
168,11,302,27
168,11,302,34
168,11,302,68
168,11,302,8
168,11,302,32
170,3,302,39
170,3,302,24
170,3,302,22
170,3,302,29
170,3,302,28
170,3,302,35
170,3,302,38
170,3,302,23
170,3,302,66
170,3,302,25
170,3,302,9
170,3,302,37
170,3,302,69
170,3,302,67
170,3,302,36
170,3,302,30
170,3,302,26
170,3,302,31
170,3,302,33
170,3,302,27
170,3,302,34
170,3,302,68
170,3,302,8
170,3,302,32
172,1,302,39
172,1,302,24
172,1,302,22
172,1,302,29
172,1,302,28
172,1,302,35
172,1,302,38
172,1,302,23
172,1,302,66
172,1,302,25
172,1,302,9
172,1,302,37
172,1,302,69
172,1,302,67
172,1,302,36
172,1,302,30
172,1,302,26
172,1,302,31
172,1,302,33
172,1,302,27
172,1,302,34
172,1,302,68
172,1,302,8
172,1,302,32
175,4,302,39
175,4,302,24
175,4,302,22
175,4,302,29
175,4,302,28
175,4,302,35
175,4,302,38
175,4,302,23
175,4,302,66
175,4,302,25
175,4,302,9
175,4,302,37
175,4,302,69
175,4,302,67
175,4,302,36
175,4,302,30
175,4,302,26
175,4,302,31
175,4,302,33
175,4,302,27
175,4,302,34
175,4,302,68
175,4,302,8
175,4,302,32
177,1,302,39
177,1,302,24
177,1,302,22
177,1,302,29
177,1,302,28
177,1,302,35
177,1,302,38
177,1,302,23
177,1,302,66
177,1,302,25
177,1,302,9
177,1,302,37
177,1,302,69
177,1,302,67
177,1,302,36
177,1,302,30
177,1,302,26
177,1,302,31
177,1,302,33
177,1,302,27
177,1,302,34
177,1,302,68
177,1,302,8
177,1,302,32
178,3,302,39
178,3,302,24
178,3,302,22
178,3,302,29
178,3,302,28
178,3,302,35
178,3,302,38
178,3,302,23
178,3,302,66
178,3,302,25
178,3,302,9
178,3,302,37
178,3,302,69
178,3,302,67
178,3,302,36
178,3,302,30
178,3,302,26
178,3,302,31
178,3,302,33
178,3,302,27
178,3,302,34
178,3,302,68
178,3,302,8
178,3,302,32
187,8,302,39
187,8,302,24
187,8,302,22
187,8,302,29
187,8,302,28
187,8,302,35
187,8,302,38
187,8,302,23
187,8,302,66
187,8,302,25
187,8,302,9
187,8,302,37
187,8,302,69
187,8,302,67
187,8,302,36
187,8,302,30
187,8,302,26
187,8,302,31
187,8,302,33
187,8,302,27
187,8,302,34
187,8,302,68
187,8,302,8
187,8,302,32
2000,12,302,39
2000,12,302,24
2000,12,302,22
2000,12,302,29
2000,12,302,28
2000,12,302,35
2000,12,302,38
2000,12,302,23
2000,12,302,66
2000,12,302,25
2000,12,302,9
2000,12,302,37
2000,12,302,69
2000,12,302,67
2000,12,302,36
2000,12,302,30
2000,12,302,26
2000,12,302,31
2000,12,302,33
2000,12,302,27
2000,12,302,34
2000,12,302,68
2000,12,302,8
2000,12,302,32
13,4,302,39
13,4,302,24
13,4,302,22
13,4,302,29
13,4,302,28
13,4,302,35
13,4,302,38
13,4,302,23
13,4,302,66
13,4,302,25
13,4,302,9
13,4,302,37
13,4,302,69
13,4,302,67
13,4,302,36
13,4,302,30
13,4,302,26
13,4,302,31
13,4,302,33
13,4,302,27
13,4,302,34
13,4,302,68
13,4,302,8
13,4,302,32
19,4,302,39
19,4,302,24
19,4,302,22
19,4,302,29
19,4,302,28
19,4,302,35
19,4,302,38
19,4,302,23
19,4,302,66
19,4,302,25
19,4,302,9
19,4,302,37
19,4,302,69
19,4,302,67
19,4,302,36
19,4,302,30
19,4,302,26
19,4,302,31
19,4,302,33
19,4,302,27
19,4,302,34
19,4,302,68
19,4,302,8
19,4,302,32
149,4,302,39
149,4,302,24
149,4,302,22
149,4,302,29
149,4,302,28
149,4,302,35
149,4,302,38
149,4,302,23
149,4,302,66
149,4,302,25
149,4,302,9
149,4,302,37
149,4,302,69
149,4,302,67
149,4,302,36
149,4,302,30
149,4,302,26
149,4,302,31
149,4,302,33
149,4,302,27
149,4,302,34
149,4,302,68
149,4,302,8
149,4,302,32
179,4,302,39
179,4,302,24
179,4,302,22
179,4,302,29
179,4,302,28
179,4,302,35
179,4,302,38
179,4,302,23
179,4,302,66
179,4,302,25
179,4,302,9
179,4,302,37
179,4,302,69
179,4,302,67
179,4,302,36
179,4,302,30
179,4,302,26
179,4,302,31
179,4,302,33
179,4,302,27
179,4,302,34
179,4,302,68
179,4,302,8
179,4,302,32
181,6,302,39
181,6,302,24
181,6,302,22
181,6,302,29
181,6,302,28
181,6,302,35
181,6,302,38
181,6,302,23
181,6,302,66
181,6,302,25
181,6,302,9
181,6,302,37
181,6,302,69
181,6,302,67
181,6,302,36
181,6,302,30
181,6,302,26
181,6,302,31
181,6,302,33
181,6,302,27
181,6,302,34
181,6,302,68
181,6,302,8
181,6,302,32
189,11,302,39
189,11,302,24
189,11,302,22
189,11,302,29
189,11,302,28
189,11,302,35
189,11,302,38
189,11,302,23
189,11,302,66
189,11,302,25
189,11,302,9
189,11,302,37
189,11,302,69
189,11,302,67
189,11,302,36
189,11,302,30
189,11,302,26
189,11,302,31
189,11,302,33
189,11,302,27
189,11,302,34
189,11,302,68
189,11,302,8
189,11,302,32
122,7,302,39
122,7,302,24
122,7,302,22
122,7,302,29
122,7,302,28
122,7,302,35
122,7,302,38
122,7,302,23
122,7,302,66
122,7,302,25
122,7,302,9
122,7,302,37
122,7,302,69
122,7,302,67
122,7,302,36
122,7,302,30
122,7,302,26
122,7,302,31
122,7,302,33
122,7,302,27
122,7,302,34
122,7,302,68
122,7,302,8
122,7,302,32
190,11,302,39
190,11,302,24
190,11,302,22
190,11,302,29
190,11,302,28
190,11,302,35
190,11,302,38
190,11,302,23
190,11,302,66
190,11,302,25
190,11,302,9
190,11,302,37
190,11,302,69
190,11,302,67
190,11,302,36
190,11,302,30
190,11,302,26
190,11,302,31
190,11,302,33
190,11,302,27
190,11,302,34
190,11,302,68
190,11,302,8
190,11,302,32
4,1,303,16
4,1,303,18
6,11,303,16
6,11,303,18
120,4,303,16
120,4,303,18
11,4,303,16
11,4,303,18
45,1,303,16
45,1,303,18
24,3,303,16
24,3,303,18
25,1,303,16
25,1,303,18
27,1,303,16
27,1,303,18
28,4,303,16
28,4,303,18
30,11,303,16
30,11,303,18
35,11,303,16
35,11,303,18
38,1,303,16
38,1,303,18
41,11,303,16
41,11,303,18
43,4,303,16
43,4,303,18
119,4,303,16
119,4,303,18
47,4,303,16
47,4,303,18
48,4,303,16
48,4,303,18
182,1,303,16
182,1,303,18
21,6,303,16
21,6,303,18
42,6,303,16
42,6,303,18
46,13,303,16
46,13,303,18
165,13,303,16
165,13,303,18
53,13,303,16
53,13,303,18
58,13,303,16
58,13,303,18
66,13,303,16
66,13,303,18
70,6,303,16
70,6,303,18
86,13,303,16
86,13,303,18
88,13,303,16
88,13,303,18
98,13,303,16
98,13,303,18
101,13,303,16
101,13,303,18
106,7,303,16
106,7,303,18
118,13,303,16
118,13,303,18
140,13,303,16
140,13,303,18
141,13,303,16
141,13,303,18
169,13,303,16
169,13,303,18
183,13,303,16
183,13,303,18
55,11,303,16
55,11,303,18
54,13,303,16
54,13,303,18
153,8,303,16
153,8,303,18
62,1,303,16
62,1,303,18
64,1,303,16
64,1,303,18
63,3,303,16
63,3,303,18
67,1,303,16
67,1,303,18
72,4,303,16
72,4,303,18
75,11,303,16
75,11,303,18
142,1,303,16
142,1,303,18
51,1,303,16
51,1,303,18
76,1,303,16
76,1,303,18
77,11,303,16
77,11,303,18
79,11,303,16
79,11,303,18
81,13,303,16
81,13,303,18
90,4,303,16
90,4,303,18
99,1,303,16
99,1,303,18
113,1,303,16
113,1,303,18
108,1,303,16
108,1,303,18
3000,13,303,16
3000,13,303,18
116,1,303,16
116,1,303,18
1000,2,303,16
1000,2,303,18
125,1,303,16
125,1,303,18
128,13,303,16
128,13,303,18
138,3,303,16
138,3,303,18
155,1,303,16
155,1,303,18
157,1,303,16
157,1,303,18
194,6,303,16
194,6,303,18
158,1,303,16
158,1,303,18
154,4,303,16
154,4,303,18
152,4,303,16
152,4,303,18
168,11,303,16
168,11,303,18
170,3,303,16
170,3,303,18
172,1,303,16
172,1,303,18
175,4,303,16
175,4,303,18
177,1,303,16
177,1,303,18
178,3,303,16
178,3,303,18
187,8,303,16
187,8,303,18
2000,12,303,16
2000,12,303,18
19,4,303,16
19,4,303,18
149,4,303,16
149,4,303,18
181,6,303,16
181,6,303,18
122,7,303,16
122,7,303,18
1,6,401,43
1,6,401,55
1,6,401,41
1,6,401,49
1,6,401,20
1,6,401,50
1,6,401,46
1,6,401,44
1,6,401,45
1,6,401,47
1,6,401,48
2,1,401,43
2,1,401,55
2,1,401,41
2,1,401,49
2,1,401,20
2,1,401,50
2,1,401,46
2,1,401,44
2,1,401,45
2,1,401,47
2,1,401,48
4,1,401,43
4,1,401,55
4,1,401,41
4,1,401,49
4,1,401,20
4,1,401,50
4,1,401,46
4,1,401,44
4,1,401,45
4,1,401,47
4,1,401,48
6,11,401,43
6,11,401,55
6,11,401,41
6,11,401,49
6,11,401,20
6,11,401,50
6,11,401,46
6,11,401,44
6,11,401,45
6,11,401,47
6,11,401,48
120,4,401,43
120,4,401,55
120,4,401,41
120,4,401,49
120,4,401,20
120,4,401,50
120,4,401,46
120,4,401,44
120,4,401,45
120,4,401,47
120,4,401,48
11,4,401,43
11,4,401,55
11,4,401,41
11,4,401,49
11,4,401,20
11,4,401,50
11,4,401,46
11,4,401,44
11,4,401,45
11,4,401,47
11,4,401,48
16,7,401,43
16,7,401,55
16,7,401,41
16,7,401,49
16,7,401,20
16,7,401,50
16,7,401,46
16,7,401,44
16,7,401,45
16,7,401,47
16,7,401,48
45,1,401,43
45,1,401,55
45,1,401,41
45,1,401,49
45,1,401,20
45,1,401,50
45,1,401,46
45,1,401,44
45,1,401,45
45,1,401,47
45,1,401,48
24,3,401,43
24,3,401,55
24,3,401,41
24,3,401,49
24,3,401,20
24,3,401,50
24,3,401,46
24,3,401,44
24,3,401,45
24,3,401,47
24,3,401,48
25,1,401,43
25,1,401,55
25,1,401,41
25,1,401,49
25,1,401,20
25,1,401,50
25,1,401,46
25,1,401,44
25,1,401,45
25,1,401,47
25,1,401,48
27,1,401,43
27,1,401,55
27,1,401,41
27,1,401,49
27,1,401,20
27,1,401,50
27,1,401,46
27,1,401,44
27,1,401,45
27,1,401,47
27,1,401,48
28,4,401,43
28,4,401,55
28,4,401,41
28,4,401,49
28,4,401,20
28,4,401,50
28,4,401,46
28,4,401,44
28,4,401,45
28,4,401,47
28,4,401,48
30,11,401,43
30,11,401,55
30,11,401,41
30,11,401,49
30,11,401,20
30,11,401,50
30,11,401,46
30,11,401,44
30,11,401,45
30,11,401,47
30,11,401,48
32,5,401,43
32,5,401,55
32,5,401,41
32,5,401,49
32,5,401,20
32,5,401,50
32,5,401,46
32,5,401,44
32,5,401,45
32,5,401,47
32,5,401,48
35,11,401,43
35,11,401,55
35,11,401,41
35,11,401,49
35,11,401,20
35,11,401,50
35,11,401,46
35,11,401,44
35,11,401,45
35,11,401,47
35,11,401,48
38,1,401,43
38,1,401,55
38,1,401,41
38,1,401,49
38,1,401,20
38,1,401,50
38,1,401,46
38,1,401,44
38,1,401,45
38,1,401,47
38,1,401,48
41,11,401,43
41,11,401,55
41,11,401,41
41,11,401,49
41,11,401,20
41,11,401,50
41,11,401,46
41,11,401,44
41,11,401,45
41,11,401,47
41,11,401,48
89,1,401,43
89,1,401,55
89,1,401,41
89,1,401,49
89,1,401,20
89,1,401,50
89,1,401,46
89,1,401,44
89,1,401,45
89,1,401,47
89,1,401,48
43,4,401,43
43,4,401,55
43,4,401,41
43,4,401,49
43,4,401,20
43,4,401,50
43,4,401,46
43,4,401,44
43,4,401,45
43,4,401,47
43,4,401,48
47,4,401,43
47,4,401,55
47,4,401,41
47,4,401,49
47,4,401,20
47,4,401,50
47,4,401,46
47,4,401,44
47,4,401,45
47,4,401,47
47,4,401,48
48,4,401,43
48,4,401,55
48,4,401,41
48,4,401,49
48,4,401,20
48,4,401,50
48,4,401,46
48,4,401,44
48,4,401,45
48,4,401,47
48,4,401,48
182,1,401,43
182,1,401,55
182,1,401,41
182,1,401,49
182,1,401,20
182,1,401,50
182,1,401,46
182,1,401,44
182,1,401,45
182,1,401,47
182,1,401,48
21,6,401,43
21,6,401,55
21,6,401,41
21,6,401,49
21,6,401,20
21,6,401,50
21,6,401,46
21,6,401,44
21,6,401,45
21,6,401,47
21,6,401,48
42,6,401,43
42,6,401,55
42,6,401,41
42,6,401,49
42,6,401,20
42,6,401,50
42,6,401,46
42,6,401,44
42,6,401,45
42,6,401,47
42,6,401,48
46,13,401,43
46,13,401,55
46,13,401,41
46,13,401,49
46,13,401,20
46,13,401,50
46,13,401,46
46,13,401,44
46,13,401,45
46,13,401,47
46,13,401,48
165,13,401,43
165,13,401,55
165,13,401,41
165,13,401,49
165,13,401,20
165,13,401,50
165,13,401,46
165,13,401,44
165,13,401,45
165,13,401,47
165,13,401,48
53,13,401,43
53,13,401,55
53,13,401,41
53,13,401,49
53,13,401,20
53,13,401,50
53,13,401,46
53,13,401,44
53,13,401,45
53,13,401,47
53,13,401,48
58,13,401,43
58,13,401,55
58,13,401,41
58,13,401,49
58,13,401,20
58,13,401,50
58,13,401,46
58,13,401,44
58,13,401,45
58,13,401,47
58,13,401,48
66,13,401,43
66,13,401,55
66,13,401,41
66,13,401,49
66,13,401,20
66,13,401,50
66,13,401,46
66,13,401,44
66,13,401,45
66,13,401,47
66,13,401,48
70,6,401,43
70,6,401,55
70,6,401,41
70,6,401,49
70,6,401,20
70,6,401,50
70,6,401,46
70,6,401,44
70,6,401,45
70,6,401,47
70,6,401,48
86,13,401,43
86,13,401,55
86,13,401,41
86,13,401,49
86,13,401,20
86,13,401,50
86,13,401,46
86,13,401,44
86,13,401,45
86,13,401,47
86,13,401,48
88,13,401,43
88,13,401,55
88,13,401,41
88,13,401,49
88,13,401,20
88,13,401,50
88,13,401,46
88,13,401,44
88,13,401,45
88,13,401,47
88,13,401,48
98,13,401,43
98,13,401,55
98,13,401,41
98,13,401,49
98,13,401,20
98,13,401,50
98,13,401,46
98,13,401,44
98,13,401,45
98,13,401,47
98,13,401,48
101,13,401,43
101,13,401,55
101,13,401,41
101,13,401,49
101,13,401,20
101,13,401,50
101,13,401,46
101,13,401,44
101,13,401,45
101,13,401,47
101,13,401,48
106,7,401,43
106,7,401,55
106,7,401,41
106,7,401,49
106,7,401,20
106,7,401,50
106,7,401,46
106,7,401,44
106,7,401,45
106,7,401,47
106,7,401,48
118,13,401,43
118,13,401,55
118,13,401,41
118,13,401,49
118,13,401,20
118,13,401,50
118,13,401,46
118,13,401,44
118,13,401,45
118,13,401,47
118,13,401,48
140,13,401,43
140,13,401,55
140,13,401,41
140,13,401,49
140,13,401,20
140,13,401,50
140,13,401,46
140,13,401,44
140,13,401,45
140,13,401,47
140,13,401,48
141,13,401,43
141,13,401,55
141,13,401,41
141,13,401,49
141,13,401,20
141,13,401,50
141,13,401,46
141,13,401,44
141,13,401,45
141,13,401,47
141,13,401,48
169,13,401,43
169,13,401,55
169,13,401,41
169,13,401,49
169,13,401,20
169,13,401,50
169,13,401,46
169,13,401,44
169,13,401,45
169,13,401,47
169,13,401,48
183,13,401,43
183,13,401,55
183,13,401,41
183,13,401,49
183,13,401,20
183,13,401,50
183,13,401,46
183,13,401,44
183,13,401,45
183,13,401,47
183,13,401,48
55,11,401,43
55,11,401,55
55,11,401,41
55,11,401,49
55,11,401,20
55,11,401,50
55,11,401,46
55,11,401,44
55,11,401,45
55,11,401,47
55,11,401,48
54,13,401,43
54,13,401,55
54,13,401,41
54,13,401,49
54,13,401,20
54,13,401,50
54,13,401,46
54,13,401,44
54,13,401,45
54,13,401,47
54,13,401,48
62,1,401,43
62,1,401,55
62,1,401,41
62,1,401,49
62,1,401,20
62,1,401,50
62,1,401,46
62,1,401,44
62,1,401,45
62,1,401,47
62,1,401,48
64,1,401,43
64,1,401,55
64,1,401,41
64,1,401,49
64,1,401,20
64,1,401,50
64,1,401,46
64,1,401,44
64,1,401,45
64,1,401,47
64,1,401,48
63,3,401,43
63,3,401,55
63,3,401,41
63,3,401,49
63,3,401,20
63,3,401,50
63,3,401,46
63,3,401,44
63,3,401,45
63,3,401,47
63,3,401,48
67,1,401,43
67,1,401,55
67,1,401,41
67,1,401,49
67,1,401,20
67,1,401,50
67,1,401,46
67,1,401,44
67,1,401,45
67,1,401,47
67,1,401,48
72,4,401,43
72,4,401,55
72,4,401,41
72,4,401,49
72,4,401,20
72,4,401,50
72,4,401,46
72,4,401,44
72,4,401,45
72,4,401,47
72,4,401,48
75,11,401,43
75,11,401,55
75,11,401,41
75,11,401,49
75,11,401,20
75,11,401,50
75,11,401,46
75,11,401,44
75,11,401,45
75,11,401,47
75,11,401,48
142,1,401,43
142,1,401,55
142,1,401,41
142,1,401,49
142,1,401,20
142,1,401,50
142,1,401,46
142,1,401,44
142,1,401,45
142,1,401,47
142,1,401,48
51,1,401,43
51,1,401,55
51,1,401,41
51,1,401,49
51,1,401,20
51,1,401,50
51,1,401,46
51,1,401,44
51,1,401,45
51,1,401,47
51,1,401,48
76,1,401,43
76,1,401,55
76,1,401,41
76,1,401,49
76,1,401,20
76,1,401,50
76,1,401,46
76,1,401,44
76,1,401,45
76,1,401,47
76,1,401,48
77,11,401,43
77,11,401,55
77,11,401,41
77,11,401,49
77,11,401,20
77,11,401,50
77,11,401,46
77,11,401,44
77,11,401,45
77,11,401,47
77,11,401,48
79,11,401,43
79,11,401,55
79,11,401,41
79,11,401,49
79,11,401,20
79,11,401,50
79,11,401,46
79,11,401,44
79,11,401,45
79,11,401,47
79,11,401,48
81,13,401,43
81,13,401,55
81,13,401,41
81,13,401,49
81,13,401,20
81,13,401,50
81,13,401,46
81,13,401,44
81,13,401,45
81,13,401,47
81,13,401,48
87,3,401,43
87,3,401,55
87,3,401,41
87,3,401,49
87,3,401,20
87,3,401,50
87,3,401,46
87,3,401,44
87,3,401,45
87,3,401,47
87,3,401,48
90,4,401,43
90,4,401,55
90,4,401,41
90,4,401,49
90,4,401,20
90,4,401,50
90,4,401,46
90,4,401,44
90,4,401,45
90,4,401,47
90,4,401,48
91,5,401,43
91,5,401,55
91,5,401,41
91,5,401,49
91,5,401,20
91,5,401,50
91,5,401,46
91,5,401,44
91,5,401,45
91,5,401,47
91,5,401,48
95,5,401,43
95,5,401,55
95,5,401,41
95,5,401,49
95,5,401,20
95,5,401,50
95,5,401,46
95,5,401,44
95,5,401,45
95,5,401,47
95,5,401,48
99,1,401,43
99,1,401,55
99,1,401,41
99,1,401,49
99,1,401,20
99,1,401,50
99,1,401,46
99,1,401,44
99,1,401,45
99,1,401,47
99,1,401,48
100,1,401,43
100,1,401,55
100,1,401,41
100,1,401,49
100,1,401,20
100,1,401,50
100,1,401,46
100,1,401,44
100,1,401,45
100,1,401,47
100,1,401,48
113,1,401,43
113,1,401,55
113,1,401,41
113,1,401,49
113,1,401,20
113,1,401,50
113,1,401,46
113,1,401,44
113,1,401,45
113,1,401,47
113,1,401,48
108,1,401,43
108,1,401,55
108,1,401,41
108,1,401,49
108,1,401,20
108,1,401,50
108,1,401,46
108,1,401,44
108,1,401,45
108,1,401,47
108,1,401,48
110,8,401,43
110,8,401,55
110,8,401,41
110,8,401,49
110,8,401,20
110,8,401,50
110,8,401,46
110,8,401,44
110,8,401,45
110,8,401,47
110,8,401,48
3000,13,401,43
3000,13,401,55
3000,13,401,41
3000,13,401,49
3000,13,401,20
3000,13,401,50
3000,13,401,46
3000,13,401,44
3000,13,401,45
3000,13,401,47
3000,13,401,48
116,1,401,43
116,1,401,55
116,1,401,41
116,1,401,49
116,1,401,20
116,1,401,50
116,1,401,46
116,1,401,44
116,1,401,45
116,1,401,47
116,1,401,48
1000,2,401,43
1000,2,401,55
1000,2,401,41
1000,2,401,49
1000,2,401,20
1000,2,401,50
1000,2,401,46
1000,2,401,44
1000,2,401,45
1000,2,401,47
1000,2,401,48
128,13,401,43
128,13,401,55
128,13,401,41
128,13,401,49
128,13,401,20
128,13,401,50
128,13,401,46
128,13,401,44
128,13,401,45
128,13,401,47
128,13,401,48
135,7,401,43
135,7,401,55
135,7,401,41
135,7,401,49
135,7,401,20
135,7,401,50
135,7,401,46
135,7,401,44
135,7,401,45
135,7,401,47
135,7,401,48
138,3,401,43
138,3,401,55
138,3,401,41
138,3,401,49
138,3,401,20
138,3,401,50
138,3,401,46
138,3,401,44
138,3,401,45
138,3,401,47
138,3,401,48
148,10,401,43
148,10,401,55
148,10,401,41
148,10,401,49
148,10,401,20
148,10,401,50
148,10,401,46
148,10,401,44
148,10,401,45
148,10,401,47
148,10,401,48
155,1,401,43
155,1,401,55
155,1,401,41
155,1,401,49
155,1,401,20
155,1,401,50
155,1,401,46
155,1,401,44
155,1,401,45
155,1,401,47
155,1,401,48
157,1,401,43
157,1,401,55
157,1,401,41
157,1,401,49
157,1,401,20
157,1,401,50
157,1,401,46
157,1,401,44
157,1,401,45
157,1,401,47
157,1,401,48
194,6,401,43
194,6,401,55
194,6,401,41
194,6,401,49
194,6,401,20
194,6,401,50
194,6,401,46
194,6,401,44
194,6,401,45
194,6,401,47
194,6,401,48
158,1,401,43
158,1,401,55
158,1,401,41
158,1,401,49
158,1,401,20
158,1,401,50
158,1,401,46
158,1,401,44
158,1,401,45
158,1,401,47
158,1,401,48
159,1,401,43
159,1,401,55
159,1,401,41
159,1,401,49
159,1,401,20
159,1,401,50
159,1,401,46
159,1,401,44
159,1,401,45
159,1,401,47
159,1,401,48
154,4,401,43
154,4,401,55
154,4,401,41
154,4,401,49
154,4,401,20
154,4,401,50
154,4,401,46
154,4,401,44
154,4,401,45
154,4,401,47
154,4,401,48
152,4,401,43
152,4,401,55
152,4,401,41
152,4,401,49
152,4,401,20
152,4,401,50
152,4,401,46
152,4,401,44
152,4,401,45
152,4,401,47
152,4,401,48
168,11,401,43
168,11,401,55
168,11,401,41
168,11,401,49
168,11,401,20
168,11,401,50
168,11,401,46
168,11,401,44
168,11,401,45
168,11,401,47
168,11,401,48
170,3,401,43
170,3,401,55
170,3,401,41
170,3,401,49
170,3,401,20
170,3,401,50
170,3,401,46
170,3,401,44
170,3,401,45
170,3,401,47
170,3,401,48
172,1,401,43
172,1,401,55
172,1,401,41
172,1,401,49
172,1,401,20
172,1,401,50
172,1,401,46
172,1,401,44
172,1,401,45
172,1,401,47
172,1,401,48
177,1,401,43
177,1,401,55
177,1,401,41
177,1,401,49
177,1,401,20
177,1,401,50
177,1,401,46
177,1,401,44
177,1,401,45
177,1,401,47
177,1,401,48
178,3,401,43
178,3,401,55
178,3,401,41
178,3,401,49
178,3,401,20
178,3,401,50
178,3,401,46
178,3,401,44
178,3,401,45
178,3,401,47
178,3,401,48
187,8,401,43
187,8,401,55
187,8,401,41
187,8,401,49
187,8,401,20
187,8,401,50
187,8,401,46
187,8,401,44
187,8,401,45
187,8,401,47
187,8,401,48
2000,12,401,43
2000,12,401,55
2000,12,401,41
2000,12,401,49
2000,12,401,20
2000,12,401,50
2000,12,401,46
2000,12,401,44
2000,12,401,45
2000,12,401,47
2000,12,401,48
181,6,401,43
181,6,401,55
181,6,401,41
181,6,401,49
181,6,401,20
181,6,401,50
181,6,401,46
181,6,401,44
181,6,401,45
181,6,401,47
181,6,401,48
122,7,401,43
122,7,401,55
122,7,401,41
122,7,401,49
122,7,401,20
122,7,401,50
122,7,401,46
122,7,401,44
122,7,401,45
122,7,401,47
122,7,401,48
190,11,401,43
190,11,401,55
190,11,401,41
190,11,401,49
190,11,401,20
190,11,401,50
190,11,401,46
190,11,401,44
190,11,401,45
190,11,401,47
190,11,401,48
1,6,500,13
1,6,500,10
1,6,500,14
1,6,500,15
1,6,500,40
1,6,500,11
2,1,500,13
2,1,500,10
2,1,500,14
2,1,500,15
2,1,500,40
2,1,500,11
4,1,500,13
4,1,500,10
4,1,500,14
4,1,500,15
4,1,500,40
4,1,500,11
6,11,500,13
6,11,500,10
6,11,500,14
6,11,500,15
6,11,500,40
6,11,500,11
120,4,500,13
120,4,500,10
120,4,500,14
120,4,500,15
120,4,500,40
120,4,500,11
11,4,500,13
11,4,500,10
11,4,500,14
11,4,500,15
11,4,500,40
11,4,500,11
45,1,500,13
45,1,500,10
45,1,500,14
45,1,500,15
45,1,500,40
45,1,500,11
24,3,500,13
24,3,500,10
24,3,500,14
24,3,500,15
24,3,500,40
24,3,500,11
25,1,500,13
25,1,500,10
25,1,500,14
25,1,500,15
25,1,500,40
25,1,500,11
27,1,500,13
27,1,500,10
27,1,500,14
27,1,500,15
27,1,500,40
27,1,500,11
28,4,500,13
28,4,500,10
28,4,500,14
28,4,500,15
28,4,500,40
28,4,500,11
30,11,500,13
30,11,500,10
30,11,500,14
30,11,500,15
30,11,500,40
30,11,500,11
32,5,500,13
32,5,500,10
32,5,500,14
32,5,500,15
32,5,500,40
32,5,500,11
35,11,500,13
35,11,500,10
35,11,500,14
35,11,500,15
35,11,500,40
35,11,500,11
38,1,500,13
38,1,500,10
38,1,500,14
38,1,500,15
38,1,500,40
38,1,500,11
41,11,500,13
41,11,500,10
41,11,500,14
41,11,500,15
41,11,500,40
41,11,500,11
89,1,500,13
89,1,500,10
89,1,500,14
89,1,500,15
89,1,500,40
89,1,500,11
43,4,500,13
43,4,500,10
43,4,500,14
43,4,500,15
43,4,500,40
43,4,500,11
119,4,500,13
119,4,500,10
119,4,500,14
119,4,500,15
119,4,500,40
119,4,500,11
47,4,500,13
47,4,500,10
47,4,500,14
47,4,500,15
47,4,500,40
47,4,500,11
48,4,500,13
48,4,500,10
48,4,500,14
48,4,500,15
48,4,500,40
48,4,500,11
182,1,500,13
182,1,500,10
182,1,500,14
182,1,500,15
182,1,500,40
182,1,500,11
21,6,500,13
21,6,500,10
21,6,500,14
21,6,500,15
21,6,500,40
21,6,500,11
46,13,500,13
46,13,500,10
46,13,500,14
46,13,500,15
46,13,500,40
46,13,500,11
165,13,500,13
165,13,500,10
165,13,500,14
165,13,500,15
165,13,500,40
165,13,500,11
53,13,500,13
53,13,500,10
53,13,500,14
53,13,500,15
53,13,500,40
53,13,500,11
58,13,500,13
58,13,500,10
58,13,500,14
58,13,500,15
58,13,500,40
58,13,500,11
66,13,500,13
66,13,500,10
66,13,500,14
66,13,500,15
66,13,500,40
66,13,500,11
70,6,500,13
70,6,500,10
70,6,500,14
70,6,500,15
70,6,500,40
70,6,500,11
86,13,500,13
86,13,500,10
86,13,500,14
86,13,500,15
86,13,500,40
86,13,500,11
88,13,500,13
88,13,500,10
88,13,500,14
88,13,500,15
88,13,500,40
88,13,500,11
98,13,500,13
98,13,500,10
98,13,500,14
98,13,500,15
98,13,500,40
98,13,500,11
101,13,500,13
101,13,500,10
101,13,500,14
101,13,500,15
101,13,500,40
101,13,500,11
106,7,500,13
106,7,500,10
106,7,500,14
106,7,500,15
106,7,500,40
106,7,500,11
118,13,500,13
118,13,500,10
118,13,500,14
118,13,500,15
118,13,500,40
118,13,500,11
140,13,500,13
140,13,500,10
140,13,500,14
140,13,500,15
140,13,500,40
140,13,500,11
141,13,500,13
141,13,500,10
141,13,500,14
141,13,500,15
141,13,500,40
141,13,500,11
169,13,500,13
169,13,500,10
169,13,500,14
169,13,500,15
169,13,500,40
169,13,500,11
183,13,500,13
183,13,500,10
183,13,500,14
183,13,500,15
183,13,500,40
183,13,500,11
55,11,500,13
55,11,500,10
55,11,500,14
55,11,500,15
55,11,500,40
55,11,500,11
54,13,500,13
54,13,500,10
54,13,500,14
54,13,500,15
54,13,500,40
54,13,500,11
62,1,500,13
62,1,500,10
62,1,500,14
62,1,500,15
62,1,500,40
62,1,500,11
64,1,500,13
64,1,500,10
64,1,500,14
64,1,500,15
64,1,500,40
64,1,500,11
63,3,500,13
63,3,500,10
63,3,500,14
63,3,500,15
63,3,500,40
63,3,500,11
67,1,500,13
67,1,500,10
67,1,500,14
67,1,500,15
67,1,500,40
67,1,500,11
72,4,500,13
72,4,500,10
72,4,500,14
72,4,500,15
72,4,500,40
72,4,500,11
75,11,500,13
75,11,500,10
75,11,500,14
75,11,500,15
75,11,500,40
75,11,500,11
142,1,500,13
142,1,500,10
142,1,500,14
142,1,500,15
142,1,500,40
142,1,500,11
51,1,500,13
51,1,500,10
51,1,500,14
51,1,500,15
51,1,500,40
51,1,500,11
76,1,500,13
76,1,500,10
76,1,500,14
76,1,500,15
76,1,500,40
76,1,500,11
77,11,500,13
77,11,500,10
77,11,500,14
77,11,500,15
77,11,500,40
77,11,500,11
79,11,500,13
79,11,500,10
79,11,500,14
79,11,500,15
79,11,500,40
79,11,500,11
81,13,500,13
81,13,500,10
81,13,500,14
81,13,500,15
81,13,500,40
81,13,500,11
90,4,500,13
90,4,500,10
90,4,500,14
90,4,500,15
90,4,500,40
90,4,500,11
99,1,500,13
99,1,500,10
99,1,500,14
99,1,500,15
99,1,500,40
99,1,500,11
100,1,500,13
100,1,500,10
100,1,500,14
100,1,500,15
100,1,500,40
100,1,500,11
113,1,500,13
113,1,500,10
113,1,500,14
113,1,500,15
113,1,500,40
113,1,500,11
108,1,500,13
108,1,500,10
108,1,500,14
108,1,500,15
108,1,500,40
108,1,500,11
3000,13,500,13
3000,13,500,10
3000,13,500,14
3000,13,500,15
3000,13,500,40
3000,13,500,11
116,1,500,13
116,1,500,10
116,1,500,14
116,1,500,15
116,1,500,40
116,1,500,11
1000,2,500,13
1000,2,500,10
1000,2,500,14
1000,2,500,15
1000,2,500,40
1000,2,500,11
125,1,500,13
125,1,500,10
125,1,500,14
125,1,500,15
125,1,500,40
125,1,500,11
128,13,500,13
128,13,500,10
128,13,500,14
128,13,500,15
128,13,500,40
128,13,500,11
138,3,500,13
138,3,500,10
138,3,500,14
138,3,500,15
138,3,500,40
138,3,500,11
155,1,500,13
155,1,500,10
155,1,500,14
155,1,500,15
155,1,500,40
155,1,500,11
157,1,500,13
157,1,500,10
157,1,500,14
157,1,500,15
157,1,500,40
157,1,500,11
194,6,500,13
194,6,500,10
194,6,500,14
194,6,500,15
194,6,500,40
194,6,500,11
158,1,500,13
158,1,500,10
158,1,500,14
158,1,500,15
158,1,500,40
158,1,500,11
154,4,500,13
154,4,500,10
154,4,500,14
154,4,500,15
154,4,500,40
154,4,500,11
152,4,500,13
152,4,500,10
152,4,500,14
152,4,500,15
152,4,500,40
152,4,500,11
168,11,500,13
168,11,500,10
168,11,500,14
168,11,500,15
168,11,500,40
168,11,500,11
170,3,500,13
170,3,500,10
170,3,500,14
170,3,500,15
170,3,500,40
170,3,500,11
172,1,500,13
172,1,500,10
172,1,500,14
172,1,500,15
172,1,500,40
172,1,500,11
175,4,500,13
175,4,500,10
175,4,500,14
175,4,500,15
175,4,500,40
175,4,500,11
178,3,500,13
178,3,500,10
178,3,500,14
178,3,500,15
178,3,500,40
178,3,500,11
187,8,500,13
187,8,500,10
187,8,500,14
187,8,500,15
187,8,500,40
187,8,500,11
2000,12,500,13
2000,12,500,10
2000,12,500,14
2000,12,500,15
2000,12,500,40
2000,12,500,11
181,6,500,13
181,6,500,10
181,6,500,14
181,6,500,15
181,6,500,40
181,6,500,11
122,7,500,13
122,7,500,10
122,7,500,14
122,7,500,15
122,7,500,40
122,7,500,11
190,11,500,13
190,11,500,10
190,11,500,14
190,11,500,15
190,11,500,40
190,11,500,11
1,6,700,19
1,6,700,41
1,6,700,67
1,6,700,21
1,6,700,56
1,6,700,58
1,6,700,57
2,1,700,19
2,1,700,41
2,1,700,67
2,1,700,21
2,1,700,56
2,1,700,58
2,1,700,57
4,1,700,19
4,1,700,41
4,1,700,67
4,1,700,21
4,1,700,56
4,1,700,58
4,1,700,57
5,4,700,19
5,4,700,41
5,4,700,67
5,4,700,21
5,4,700,56
5,4,700,58
5,4,700,57
6,11,700,19
6,11,700,41
6,11,700,67
6,11,700,21
6,11,700,56
6,11,700,58
6,11,700,57
120,4,700,19
120,4,700,41
120,4,700,67
120,4,700,21
120,4,700,56
120,4,700,58
120,4,700,57
11,4,700,19
11,4,700,41
11,4,700,67
11,4,700,21
11,4,700,56
11,4,700,58
11,4,700,57
45,1,700,19
45,1,700,41
45,1,700,67
45,1,700,21
45,1,700,56
45,1,700,58
45,1,700,57
25,1,700,19
25,1,700,41
25,1,700,67
25,1,700,21
25,1,700,56
25,1,700,58
25,1,700,57
27,1,700,19
27,1,700,41
27,1,700,67
27,1,700,21
27,1,700,56
27,1,700,58
27,1,700,57
28,4,700,19
28,4,700,41
28,4,700,67
28,4,700,21
28,4,700,56
28,4,700,58
28,4,700,57
30,11,700,19
30,11,700,41
30,11,700,67
30,11,700,21
30,11,700,56
30,11,700,58
30,11,700,57
35,11,700,19
35,11,700,41
35,11,700,67
35,11,700,21
35,11,700,56
35,11,700,58
35,11,700,57
38,1,700,19
38,1,700,41
38,1,700,67
38,1,700,21
38,1,700,56
38,1,700,58
38,1,700,57
41,11,700,19
41,11,700,41
41,11,700,67
41,11,700,21
41,11,700,56
41,11,700,58
41,11,700,57
43,4,700,19
43,4,700,41
43,4,700,67
43,4,700,21
43,4,700,56
43,4,700,58
43,4,700,57
119,4,700,19
119,4,700,41
119,4,700,67
119,4,700,21
119,4,700,56
119,4,700,58
119,4,700,57
47,4,700,19
47,4,700,41
47,4,700,67
47,4,700,21
47,4,700,56
47,4,700,58
47,4,700,57
48,4,700,19
48,4,700,41
48,4,700,67
48,4,700,21
48,4,700,56
48,4,700,58
48,4,700,57
182,1,700,19
182,1,700,41
182,1,700,67
182,1,700,21
182,1,700,56
182,1,700,58
182,1,700,57
21,6,700,19
21,6,700,41
21,6,700,67
21,6,700,21
21,6,700,56
21,6,700,58
21,6,700,57
46,13,700,19
46,13,700,41
46,13,700,67
46,13,700,21
46,13,700,56
46,13,700,58
46,13,700,57
165,13,700,19
165,13,700,41
165,13,700,67
165,13,700,21
165,13,700,56
165,13,700,58
165,13,700,57
53,13,700,19
53,13,700,41
53,13,700,67
53,13,700,21
53,13,700,56
53,13,700,58
53,13,700,57
58,13,700,19
58,13,700,41
58,13,700,67
58,13,700,21
58,13,700,56
58,13,700,58
58,13,700,57
66,13,700,19
66,13,700,41
66,13,700,67
66,13,700,21
66,13,700,56
66,13,700,58
66,13,700,57
70,6,700,19
70,6,700,41
70,6,700,67
70,6,700,21
70,6,700,56
70,6,700,58
70,6,700,57
86,13,700,19
86,13,700,41
86,13,700,67
86,13,700,21
86,13,700,56
86,13,700,58
86,13,700,57
88,13,700,19
88,13,700,41
88,13,700,67
88,13,700,21
88,13,700,56
88,13,700,58
88,13,700,57
98,13,700,19
98,13,700,41
98,13,700,67
98,13,700,21
98,13,700,56
98,13,700,58
98,13,700,57
101,13,700,19
101,13,700,41
101,13,700,67
101,13,700,21
101,13,700,56
101,13,700,58
101,13,700,57
106,7,700,19
106,7,700,41
106,7,700,67
106,7,700,21
106,7,700,56
106,7,700,58
106,7,700,57
118,13,700,19
118,13,700,41
118,13,700,67
118,13,700,21
118,13,700,56
118,13,700,58
118,13,700,57
140,13,700,19
140,13,700,41
140,13,700,67
140,13,700,21
140,13,700,56
140,13,700,58
140,13,700,57
141,13,700,19
141,13,700,41
141,13,700,67
141,13,700,21
141,13,700,56
141,13,700,58
141,13,700,57
169,13,700,19
169,13,700,41
169,13,700,67
169,13,700,21
169,13,700,56
169,13,700,58
169,13,700,57
183,13,700,19
183,13,700,41
183,13,700,67
183,13,700,21
183,13,700,56
183,13,700,58
183,13,700,57
55,11,700,19
55,11,700,41
55,11,700,67
55,11,700,21
55,11,700,56
55,11,700,58
55,11,700,57
54,13,700,19
54,13,700,41
54,13,700,67
54,13,700,21
54,13,700,56
54,13,700,58
54,13,700,57
62,1,700,19
62,1,700,41
62,1,700,67
62,1,700,21
62,1,700,56
62,1,700,58
62,1,700,57
64,1,700,19
64,1,700,41
64,1,700,67
64,1,700,21
64,1,700,56
64,1,700,58
64,1,700,57
63,3,700,19
63,3,700,41
63,3,700,67
63,3,700,21
63,3,700,56
63,3,700,58
63,3,700,57
67,1,700,19
67,1,700,41
67,1,700,67
67,1,700,21
67,1,700,56
67,1,700,58
67,1,700,57
72,4,700,19
72,4,700,41
72,4,700,67
72,4,700,21
72,4,700,56
72,4,700,58
72,4,700,57
75,11,700,19
75,11,700,41
75,11,700,67
75,11,700,21
75,11,700,56
75,11,700,58
75,11,700,57
142,1,700,19
142,1,700,41
142,1,700,67
142,1,700,21
142,1,700,56
142,1,700,58
142,1,700,57
51,1,700,19
51,1,700,41
51,1,700,67
51,1,700,21
51,1,700,56
51,1,700,58
51,1,700,57
76,1,700,19
76,1,700,41
76,1,700,67
76,1,700,21
76,1,700,56
76,1,700,58
76,1,700,57
77,11,700,19
77,11,700,41
77,11,700,67
77,11,700,21
77,11,700,56
77,11,700,58
77,11,700,57
79,11,700,19
79,11,700,41
79,11,700,67
79,11,700,21
79,11,700,56
79,11,700,58
79,11,700,57
81,13,700,19
81,13,700,41
81,13,700,67
81,13,700,21
81,13,700,56
81,13,700,58
81,13,700,57
90,4,700,19
90,4,700,41
90,4,700,67
90,4,700,21
90,4,700,56
90,4,700,58
90,4,700,57
97,3,700,19
97,3,700,41
97,3,700,67
97,3,700,21
97,3,700,56
97,3,700,58
97,3,700,57
99,1,700,19
99,1,700,41
99,1,700,67
99,1,700,21
99,1,700,56
99,1,700,58
99,1,700,57
113,1,700,19
113,1,700,41
113,1,700,67
113,1,700,21
113,1,700,56
113,1,700,58
113,1,700,57
108,1,700,19
108,1,700,41
108,1,700,67
108,1,700,21
108,1,700,56
108,1,700,58
108,1,700,57
3000,13,700,19
3000,13,700,41
3000,13,700,67
3000,13,700,21
3000,13,700,56
3000,13,700,58
3000,13,700,57
116,1,700,19
116,1,700,41
116,1,700,67
116,1,700,21
116,1,700,56
116,1,700,58
116,1,700,57
1000,2,700,19
1000,2,700,41
1000,2,700,67
1000,2,700,21
1000,2,700,56
1000,2,700,58
1000,2,700,57
125,1,700,19
125,1,700,41
125,1,700,67
125,1,700,21
125,1,700,56
125,1,700,58
125,1,700,57
144,9,700,19
144,9,700,41
144,9,700,67
144,9,700,21
144,9,700,56
144,9,700,58
144,9,700,57
155,1,700,19
155,1,700,41
155,1,700,67
155,1,700,21
155,1,700,56
155,1,700,58
155,1,700,57
157,1,700,19
157,1,700,41
157,1,700,67
157,1,700,21
157,1,700,56
157,1,700,58
157,1,700,57
194,6,700,19
194,6,700,41
194,6,700,67
194,6,700,21
194,6,700,56
194,6,700,58
194,6,700,57
158,1,700,19
158,1,700,41
158,1,700,67
158,1,700,21
158,1,700,56
158,1,700,58
158,1,700,57
154,4,700,19
154,4,700,41
154,4,700,67
154,4,700,21
154,4,700,56
154,4,700,58
154,4,700,57
152,4,700,19
152,4,700,41
152,4,700,67
152,4,700,21
152,4,700,56
152,4,700,58
152,4,700,57
168,11,700,19
168,11,700,41
168,11,700,67
168,11,700,21
168,11,700,56
168,11,700,58
168,11,700,57
170,3,700,19
170,3,700,41
170,3,700,67
170,3,700,21
170,3,700,56
170,3,700,58
170,3,700,57
172,1,700,19
172,1,700,41
172,1,700,67
172,1,700,21
172,1,700,56
172,1,700,58
172,1,700,57
177,1,700,19
177,1,700,41
177,1,700,67
177,1,700,21
177,1,700,56
177,1,700,58
177,1,700,57
178,3,700,19
178,3,700,41
178,3,700,67
178,3,700,21
178,3,700,56
178,3,700,58
178,3,700,57
187,8,700,19
187,8,700,41
187,8,700,67
187,8,700,21
187,8,700,56
187,8,700,58
187,8,700,57
2000,12,700,19
2000,12,700,41
2000,12,700,67
2000,12,700,21
2000,12,700,56
2000,12,700,58
2000,12,700,57
13,4,700,19
13,4,700,41
13,4,700,67
13,4,700,21
13,4,700,56
13,4,700,58
13,4,700,57
19,4,700,19
19,4,700,41
19,4,700,67
19,4,700,21
19,4,700,56
19,4,700,58
19,4,700,57
179,4,700,19
179,4,700,41
179,4,700,67
179,4,700,21
179,4,700,56
179,4,700,58
179,4,700,57
181,6,700,19
181,6,700,41
181,6,700,67
181,6,700,21
181,6,700,56
181,6,700,58
181,6,700,57
4,1,601,62
4,1,601,41
6,11,601,62
6,11,601,41
120,4,601,62
120,4,601,41
11,4,601,62
11,4,601,41
45,1,601,62
45,1,601,41
24,3,601,62
24,3,601,41
25,1,601,62
25,1,601,41
26,8,601,62
26,8,601,41
28,4,601,62
28,4,601,41
30,11,601,62
30,11,601,41
35,11,601,62
35,11,601,41
38,1,601,62
38,1,601,41
41,11,601,62
41,11,601,41
43,4,601,62
43,4,601,41
119,4,601,62
119,4,601,41
48,4,601,62
48,4,601,41
182,1,601,62
182,1,601,41
21,6,601,62
21,6,601,41
46,13,601,62
46,13,601,41
165,13,601,62
165,13,601,41
53,13,601,62
53,13,601,41
58,13,601,62
58,13,601,41
66,13,601,62
66,13,601,41
86,13,601,62
86,13,601,41
88,13,601,62
88,13,601,41
98,13,601,62
98,13,601,41
101,13,601,62
101,13,601,41
106,7,601,62
106,7,601,41
118,13,601,62
118,13,601,41
140,13,601,62
140,13,601,41
141,13,601,62
141,13,601,41
169,13,601,62
169,13,601,41
183,13,601,62
183,13,601,41
55,11,601,62
55,11,601,41
54,13,601,62
54,13,601,41
62,1,601,62
62,1,601,41
64,1,601,62
64,1,601,41
63,3,601,62
63,3,601,41
67,1,601,62
67,1,601,41
72,4,601,62
72,4,601,41
75,11,601,62
75,11,601,41
142,1,601,62
142,1,601,41
51,1,601,62
51,1,601,41
76,1,601,62
76,1,601,41
77,11,601,62
77,11,601,41
79,11,601,62
79,11,601,41
81,13,601,62
81,13,601,41
90,4,601,62
90,4,601,41
99,1,601,62
99,1,601,41
100,1,601,62
100,1,601,41
113,1,601,62
113,1,601,41
108,1,601,62
108,1,601,41
3000,13,601,62
3000,13,601,41
116,1,601,62
116,1,601,41
1000,2,601,62
1000,2,601,41
125,1,601,62
125,1,601,41
128,13,601,62
128,13,601,41
138,3,601,62
138,3,601,41
155,1,601,62
155,1,601,41
194,6,601,62
194,6,601,41
158,1,601,62
158,1,601,41
154,4,601,62
154,4,601,41
152,4,601,62
152,4,601,41
168,11,601,62
168,11,601,41
170,3,601,62
170,3,601,41
172,1,601,62
172,1,601,41
177,1,601,62
177,1,601,41
178,3,601,62
178,3,601,41
187,8,601,62
187,8,601,41
2000,12,601,62
2000,12,601,41
181,6,601,62
181,6,601,41
122,7,601,62
122,7,601,41
4,1,604,19
6,11,604,19
120,4,604,19
11,4,604,19
45,1,604,19
24,3,604,19
25,1,604,19
26,8,604,19
28,4,604,19
30,11,604,19
35,11,604,19
38,1,604,19
41,11,604,19
43,4,604,19
48,4,604,19
182,1,604,19
21,6,604,19
46,13,604,19
165,13,604,19
53,13,604,19
58,13,604,19
66,13,604,19
86,13,604,19
88,13,604,19
98,13,604,19
101,13,604,19
106,7,604,19
118,13,604,19
140,13,604,19
141,13,604,19
169,13,604,19
183,13,604,19
55,11,604,19
54,13,604,19
62,1,604,19
64,1,604,19
63,3,604,19
67,1,604,19
72,4,604,19
75,11,604,19
142,1,604,19
51,1,604,19
76,1,604,19
77,11,604,19
79,11,604,19
81,13,604,19
90,4,604,19
99,1,604,19
113,1,604,19
108,1,604,19
3000,13,604,19
116,1,604,19
1000,2,604,19
125,1,604,19
128,13,604,19
138,3,604,19
155,1,604,19
194,6,604,19
158,1,604,19
154,4,604,19
152,4,604,19
168,11,604,19
170,3,604,19
172,1,604,19
178,3,604,19
187,8,604,19
2000,12,604,19
181,6,604,19
122,7,604,19
4,1,606,59
4,1,606,12
4,1,606,41
6,11,606,59
6,11,606,12
6,11,606,41
120,4,606,59
120,4,606,12
120,4,606,41
11,4,606,59
11,4,606,12
11,4,606,41
45,1,606,59
45,1,606,12
45,1,606,41
24,3,606,59
24,3,606,12
24,3,606,41
25,1,606,59
25,1,606,12
25,1,606,41
28,4,606,59
28,4,606,12
28,4,606,41
30,11,606,59
30,11,606,12
30,11,606,41
35,11,606,59
35,11,606,12
35,11,606,41
38,1,606,59
38,1,606,12
38,1,606,41
41,11,606,59
41,11,606,12
41,11,606,41
43,4,606,59
43,4,606,12
43,4,606,41
48,4,606,59
48,4,606,12
48,4,606,41
182,1,606,59
182,1,606,12
182,1,606,41
21,6,606,59
21,6,606,12
21,6,606,41
46,13,606,59
46,13,606,12
46,13,606,41
165,13,606,59
165,13,606,12
165,13,606,41
53,13,606,59
53,13,606,12
53,13,606,41
58,13,606,59
58,13,606,12
58,13,606,41
66,13,606,59
66,13,606,12
66,13,606,41
86,13,606,59
86,13,606,12
86,13,606,41
88,13,606,59
88,13,606,12
88,13,606,41
98,13,606,59
98,13,606,12
98,13,606,41
101,13,606,59
101,13,606,12
101,13,606,41
106,7,606,59
106,7,606,12
106,7,606,41
118,13,606,59
118,13,606,12
118,13,606,41
140,13,606,59
140,13,606,12
140,13,606,41
141,13,606,59
141,13,606,12
141,13,606,41
169,13,606,59
169,13,606,12
169,13,606,41
183,13,606,59
183,13,606,12
183,13,606,41
55,11,606,59
55,11,606,12
55,11,606,41
54,13,606,59
54,13,606,12
54,13,606,41
62,1,606,59
62,1,606,12
62,1,606,41
64,1,606,59
64,1,606,12
64,1,606,41
63,3,606,59
63,3,606,12
63,3,606,41
67,1,606,59
67,1,606,12
67,1,606,41
72,4,606,59
72,4,606,12
72,4,606,41
75,11,606,59
75,11,606,12
75,11,606,41
142,1,606,59
142,1,606,12
142,1,606,41
51,1,606,59
51,1,606,12
51,1,606,41
76,1,606,59
76,1,606,12
76,1,606,41
77,11,606,59
77,11,606,12
77,11,606,41
79,11,606,59
79,11,606,12
79,11,606,41
81,13,606,59
81,13,606,12
81,13,606,41
90,4,606,59
90,4,606,12
90,4,606,41
99,1,606,59
99,1,606,12
99,1,606,41
113,1,606,59
113,1,606,12
113,1,606,41
108,1,606,59
108,1,606,12
108,1,606,41
3000,13,606,59
3000,13,606,12
3000,13,606,41
116,1,606,59
116,1,606,12
116,1,606,41
1000,2,606,59
1000,2,606,12
1000,2,606,41
125,1,606,59
125,1,606,12
125,1,606,41
128,13,606,59
128,13,606,12
128,13,606,41
138,3,606,59
138,3,606,12
138,3,606,41
155,1,606,59
155,1,606,12
155,1,606,41
157,1,606,59
157,1,606,12
157,1,606,41
194,6,606,59
194,6,606,12
194,6,606,41
158,1,606,59
158,1,606,12
158,1,606,41
154,4,606,59
154,4,606,12
154,4,606,41
152,4,606,59
152,4,606,12
152,4,606,41
168,11,606,59
168,11,606,12
168,11,606,41
170,3,606,59
170,3,606,12
170,3,606,41
172,1,606,59
172,1,606,12
172,1,606,41
175,4,606,59
175,4,606,12
175,4,606,41
178,3,606,59
178,3,606,12
178,3,606,41
187,8,606,59
187,8,606,12
187,8,606,41
2000,12,606,59
2000,12,606,12
2000,12,606,41
149,4,606,59
149,4,606,12
149,4,606,41
181,6,606,59
181,6,606,12
181,6,606,41
122,7,606,59
122,7,606,12
122,7,606,41
147,6,801,70
