FishingEntityID,CountryGroupID,GearGroupID,Layer3GearID
7,6,31,1
7,6,31,3
7,6,31,4
7,6,31,2
7,6,31,21
7,6,32,28
7,6,32,29
7,6,32,22
7,6,32,24
7,6,32,9
7,6,32,26
7,6,32,27
7,6,32,8
7,6,32,67
7,6,32,68
7,6,32,69
7,6,33,16
7,6,41,43
7,6,41,41
7,6,41,55
7,6,50,10
7,6,50,40
7,6,50,11
7,6,69,12
9,2,10,41
9,2,32,28
9,2,32,29
9,2,32,22
9,2,32,24
9,2,32,9
9,2,32,26
9,2,32,27
9,2,32,8
9,2,32,67
9,2,32,68
9,2,32,69
9,2,33,16
9,2,50,10
9,2,50,40
9,2,50,11
9,2,61,41
9,2,61,56
10,2,10,41
10,2,30,17
10,2,32,28
10,2,32,29
10,2,32,22
10,2,32,24
10,2,32,9
10,2,32,26
10,2,32,27
10,2,32,8
10,2,32,67
10,2,32,68
10,2,32,69
10,2,33,16
10,2,50,10
10,2,50,40
10,2,50,11
16,5,32,28
16,5,32,29
16,5,32,22
16,5,32,24
16,5,32,9
16,5,32,26
16,5,32,27
16,5,32,8
16,5,32,67
16,5,32,68
16,5,32,69
16,5,41,43
16,5,41,41
16,5,41,55
16,5,50,10
16,5,50,40
16,5,50,11
21,4,10,41
21,4,30,17
21,4,31,1
21,4,31,3
21,4,31,4
21,4,31,2
21,4,31,21
21,4,32,28
21,4,32,29
21,4,32,22
21,4,32,24
21,4,32,9
21,4,32,26
21,4,32,27
21,4,32,8
21,4,32,67
21,4,32,68
21,4,32,69
21,4,33,16
21,4,41,43
21,4,41,41
21,4,41,55
21,4,50,10
21,4,50,40
21,4,50,11
21,4,62,41
21,4,63,41
21,4,63,51
21,4,69,12
31,3,32,28
31,3,32,29
31,3,32,22
31,3,32,24
31,3,32,9
31,3,32,26
31,3,32,27
31,3,32,8
31,3,32,67
31,3,32,68
31,3,32,69
36,1,33,16
36,1,50,10
36,1,50,40
36,1,50,11
61,1,10,41
61,1,30,17
61,1,31,1
61,1,31,3
61,1,31,4
61,1,31,2
61,1,31,21
61,1,32,28
61,1,32,29
61,1,32,22
61,1,32,24
61,1,32,9
61,1,32,26
61,1,32,27
61,1,32,8
61,1,32,67
61,1,32,68
61,1,32,69
61,1,33,16
61,1,41,43
61,1,41,41
61,1,41,55
61,1,50,10
61,1,50,40
61,1,50,11
61,1,61,41
61,1,61,56
61,1,62,41
61,1,63,41
61,1,63,51
61,1,69,12
143,2,10,41
143,2,30,17
143,2,31,1
143,2,31,3
143,2,31,4
143,2,31,2
143,2,31,21
143,2,32,28
143,2,32,29
143,2,32,22
143,2,32,24
143,2,32,9
143,2,32,26
143,2,32,27
143,2,32,8
143,2,32,67
143,2,32,68
143,2,32,69
143,2,33,16
143,2,41,43
143,2,41,41
143,2,41,55
143,2,50,10
143,2,50,40
143,2,50,11
143,2,61,41
143,2,61,56
143,2,62,41
143,2,63,41
143,2,63,51
143,2,69,12
182,1,10,41
182,1,30,17
182,1,31,1
182,1,31,3
182,1,31,4
182,1,31,2
182,1,31,21
182,1,32,28
182,1,32,29
182,1,32,22
182,1,32,24
182,1,32,9
182,1,32,26
182,1,32,27
182,1,32,8
182,1,32,67
182,1,32,68
182,1,32,69
182,1,33,16
182,1,41,43
182,1,41,41
182,1,41,55
182,1,50,10
182,1,50,40
182,1,50,11
182,1,61,41
182,1,61,56
182,1,62,41
182,1,63,41
182,1,63,51
182,1,69,12
23,1,10,41
23,1,30,17
23,1,31,1
23,1,31,3
23,1,31,4
23,1,31,2
23,1,31,21
23,1,32,28
23,1,32,29
23,1,32,22
23,1,32,24
23,1,32,9
23,1,32,26
23,1,32,27
23,1,32,8
23,1,32,67
23,1,32,68
23,1,32,69
23,1,33,16
23,1,41,43
23,1,41,41
23,1,41,55
23,1,50,10
23,1,50,40
23,1,50,11
23,1,61,41
23,1,61,56
23,1,62,41
23,1,63,41
23,1,63,51
23,1,69,12
58,7,32,28
58,7,32,29
58,7,32,22
58,7,32,24
58,7,32,9
58,7,32,26
58,7,32,27
58,7,32,8
58,7,32,67
58,7,32,68
58,7,32,69
58,7,41,43
58,7,41,41
58,7,41,55
146,1,10,41
146,1,30,17
146,1,31,1
146,1,31,3
146,1,31,4
146,1,31,2
146,1,31,21
146,1,32,28
146,1,32,29
146,1,32,22
146,1,32,24
146,1,32,9
146,1,32,26
146,1,32,27
146,1,32,8
146,1,32,67
146,1,32,68
146,1,32,69
146,1,33,16
146,1,41,43
146,1,41,41
146,1,41,55
146,1,50,10
146,1,50,40
146,1,50,11
146,1,61,41
146,1,61,56
146,1,62,41
146,1,63,41
146,1,63,51
146,1,69,12
66,7,32,28
66,7,32,29
66,7,32,22
66,7,32,24
66,7,32,9
66,7,32,26
66,7,32,27
66,7,32,8
66,7,32,67
66,7,32,68
66,7,32,69
66,7,41,43
66,7,41,41
66,7,41,55
141,7,32,28
141,7,32,29
141,7,32,22
141,7,32,24
141,7,32,9
141,7,32,26
141,7,32,27
141,7,32,8
141,7,32,67
141,7,32,68
141,7,32,69
141,7,41,43
141,7,41,41
141,7,41,55
165,7,32,28
165,7,32,29
165,7,32,22
165,7,32,24
165,7,32,9
165,7,32,26
165,7,32,27
165,7,32,8
165,7,32,67
165,7,32,68
165,7,32,69
165,7,41,43
165,7,41,41
165,7,41,55
183,7,32,28
183,7,32,29
183,7,32,22
183,7,32,24
183,7,32,9
183,7,32,26
183,7,32,27
183,7,32,8
183,7,32,67
183,7,32,68
183,7,32,69
183,7,41,43
183,7,41,41
183,7,41,55
37,1,10,41
37,1,30,17
37,1,31,1
37,1,31,3
37,1,31,4
37,1,31,2
37,1,31,21
37,1,32,28
37,1,32,29
37,1,32,22
37,1,32,24
37,1,32,9
37,1,32,26
37,1,32,27
37,1,32,8
37,1,32,67
37,1,32,68
37,1,32,69
37,1,33,16
37,1,41,43
37,1,41,41
37,1,41,55
37,1,50,10
37,1,50,40
37,1,50,11
37,1,61,41
37,1,61,56
37,1,62,41
37,1,63,41
37,1,63,51
37,1,69,12
76,1,32,28
76,1,32,29
76,1,32,22
76,1,32,24
76,1,32,9
76,1,32,26
76,1,32,27
76,1,32,8
76,1,32,67
76,1,32,68
76,1,32,69
76,1,41,43
76,1,41,41
76,1,41,55
76,1,50,10
76,1,50,40
76,1,50,11
82,2,10,41
82,2,30,17
82,2,31,1
82,2,31,3
82,2,31,4
82,2,31,2
82,2,31,21
82,2,32,28
82,2,32,29
82,2,32,22
82,2,32,24
82,2,32,9
82,2,32,26
82,2,32,27
82,2,32,8
82,2,32,67
82,2,32,68
82,2,32,69
82,2,33,16
82,2,41,43
82,2,41,41
82,2,41,55
82,2,50,10
82,2,50,40
82,2,50,11
82,2,61,41
82,2,61,56
82,2,62,41
82,2,63,41
82,2,63,51
82,2,69,12
83,2,31,1
83,2,31,3
83,2,31,4
83,2,31,2
83,2,31,21
83,2,32,28
83,2,32,29
83,2,32,22
83,2,32,24
83,2,32,9
83,2,32,26
83,2,32,27
83,2,32,8
83,2,32,67
83,2,32,68
83,2,32,69
83,2,41,43
83,2,41,41
83,2,41,55
83,2,50,10
83,2,50,40
83,2,50,11
84,2,32,28
84,2,32,29
84,2,32,22
84,2,32,24
84,2,32,9
84,2,32,26
84,2,32,27
84,2,32,8
84,2,32,67
84,2,32,68
84,2,32,69
84,2,33,16
84,2,41,43
84,2,41,41
84,2,41,55
84,2,50,10
84,2,50,40
84,2,50,11
87,2,61,41
87,2,61,56
91,3,31,1
91,3,31,3
91,3,31,4
91,3,31,2
91,3,31,21
91,3,32,28
91,3,32,29
91,3,32,22
91,3,32,24
91,3,32,9
91,3,32,26
91,3,32,27
91,3,32,8
91,3,32,67
91,3,32,68
91,3,32,69
91,3,41,43
91,3,41,41
91,3,41,55
92,2,33,16
93,1,32,28
93,1,32,29
93,1,32,22
93,1,32,24
93,1,32,9
93,1,32,26
93,1,32,27
93,1,32,8
93,1,32,67
93,1,32,68
93,1,32,69
93,1,50,10
93,1,50,40
93,1,50,11
95,3,32,28
95,3,32,29
95,3,32,22
95,3,32,24
95,3,32,9
95,3,32,26
95,3,32,27
95,3,32,8
95,3,32,67
95,3,32,68
95,3,32,69
95,3,33,16
95,3,41,43
95,3,41,41
95,3,41,55
96,2,10,41
96,2,30,17
96,2,31,1
96,2,31,3
96,2,31,4
96,2,31,2
96,2,31,21
96,2,32,28
96,2,32,29
96,2,32,22
96,2,32,24
96,2,32,9
96,2,32,26
96,2,32,27
96,2,32,8
96,2,32,67
96,2,32,68
96,2,32,69
96,2,33,16
96,2,41,43
96,2,41,41
96,2,41,55
96,2,50,10
96,2,50,40
96,2,50,11
96,2,61,41
96,2,61,56
96,2,62,41
96,2,63,41
96,2,63,51
96,2,69,12
103,1,31,1
103,1,31,3
103,1,31,4
103,1,31,2
103,1,31,21
103,1,32,28
103,1,32,29
103,1,32,22
103,1,32,24
103,1,32,9
103,1,32,26
103,1,32,27
103,1,32,8
103,1,32,67
103,1,32,68
103,1,32,69
104,2,32,28
104,2,32,29
104,2,32,22
104,2,32,24
104,2,32,9
104,2,32,26
104,2,32,27
104,2,32,8
104,2,32,67
104,2,32,68
104,2,32,69
105,2,30,17
105,2,31,1
105,2,31,3
105,2,31,4
105,2,31,2
105,2,31,21
105,2,32,28
105,2,32,29
105,2,32,22
105,2,32,24
105,2,32,9
105,2,32,26
105,2,32,27
105,2,32,8
105,2,32,67
105,2,32,68
105,2,32,69
105,2,33,16
105,2,50,10
105,2,50,40
105,2,50,11
109,1,32,28
109,1,32,29
109,1,32,22
109,1,32,24
109,1,32,9
109,1,32,26
109,1,32,27
109,1,32,8
109,1,32,67
109,1,32,68
109,1,32,69
109,1,41,43
109,1,41,41
109,1,41,55
109,1,61,41
109,1,61,56
114,1,30,17
114,1,31,1
114,1,31,3
114,1,31,4
114,1,31,2
114,1,31,21
114,1,32,28
114,1,32,29
114,1,32,22
114,1,32,24
114,1,32,9
114,1,32,26
114,1,32,27
114,1,32,8
114,1,32,67
114,1,32,68
114,1,32,69
114,1,33,16
114,1,50,10
114,1,50,40
114,1,50,11
114,1,61,41
114,1,61,56
22,2,30,17
22,2,41,43
22,2,41,41
22,2,41,55
22,2,50,10
22,2,50,40
22,2,50,11
22,2,61,41
22,2,61,56
1000,1000,10,41
1000,1000,30,17
1000,1000,31,1
1000,1000,31,3
1000,1000,31,4
1000,1000,31,2
1000,1000,31,21
1000,1000,32,28
1000,1000,32,29
1000,1000,32,22
1000,1000,32,24
1000,1000,32,9
1000,1000,32,26
1000,1000,32,27
1000,1000,32,8
1000,1000,32,67
1000,1000,32,68
1000,1000,32,69
1000,1000,33,16
1000,1000,41,43
1000,1000,41,41
1000,1000,41,55
1000,1000,50,10
1000,1000,50,40
1000,1000,50,11
1000,1000,62,41
1000,1000,63,41
1000,1000,63,51
1000,1000,69,12
1000,1000,61,41
1000,1000,61,56
115,2,30,17
115,2,50,10
115,2,50,40
115,2,50,11
134,2,50,10
134,2,50,40
134,2,50,11
138,2,32,28
138,2,32,29
138,2,32,22
138,2,32,24
138,2,32,9
138,2,32,26
138,2,32,27
138,2,32,8
138,2,32,67
138,2,32,68
138,2,32,69
138,2,33,16
138,2,41,43
138,2,41,41
138,2,41,55
138,2,61,41
138,2,61,56
145,2,50,10
145,2,50,40
145,2,50,11
145,2,61,41
145,2,61,56
156,2,10,41
156,2,30,17
156,2,31,1
156,2,31,3
156,2,31,4
156,2,31,2
156,2,31,21
156,2,32,28
156,2,32,29
156,2,32,22
156,2,32,24
156,2,32,9
156,2,32,26
156,2,32,27
156,2,32,8
156,2,32,67
156,2,32,68
156,2,32,69
156,2,33,16
156,2,41,43
156,2,41,41
156,2,41,55
156,2,50,10
156,2,50,40
156,2,50,11
156,2,61,41
156,2,61,56
156,2,62,41
156,2,63,41
156,2,63,51
156,2,69,12
157,1,32,28
157,1,32,29
157,1,32,22
157,1,32,24
157,1,32,9
157,1,32,26
157,1,32,27
157,1,32,8
157,1,32,67
157,1,32,68
157,1,32,69
157,1,41,43
157,1,41,41
157,1,41,55
157,1,50,10
157,1,50,40
157,1,50,11
158,1,30,17
158,1,31,1
158,1,31,3
158,1,31,4
158,1,31,2
158,1,31,21
158,1,33,16
158,1,41,43
158,1,41,41
158,1,41,55
158,1,61,41
158,1,61,56
164,1,30,17
164,1,31,1
164,1,31,3
164,1,31,4
164,1,31,2
164,1,31,21
164,1,32,28
164,1,32,29
164,1,32,22
164,1,32,24
164,1,32,9
164,1,32,26
164,1,32,27
164,1,32,8
164,1,32,67
164,1,32,68
164,1,32,69
164,1,33,16
29,2,30,17
29,2,31,1
29,2,31,3
29,2,31,4
29,2,31,2
29,2,31,21
29,2,32,28
29,2,32,29
29,2,32,22
29,2,32,24
29,2,32,9
29,2,32,26
29,2,32,27
29,2,32,8
29,2,32,67
29,2,32,68
29,2,32,69
29,2,41,43
29,2,41,41
29,2,41,55
29,2,50,10
29,2,50,40
29,2,50,11
29,2,61,41
29,2,61,56
29,2,69,12
167,1,32,28
167,1,32,29
167,1,32,22
167,1,32,24
167,1,32,9
167,1,32,26
167,1,32,27
167,1,32,8
167,1,32,67
167,1,32,68
167,1,32,69
167,1,50,10
167,1,50,40
167,1,50,11
167,1,61,41
167,1,61,56
32,3,32,28
32,3,32,29
32,3,32,22
32,3,32,24
32,3,32,9
32,3,32,26
32,3,32,27
32,3,32,8
32,3,32,67
32,3,32,68
32,3,32,69
32,3,41,43
32,3,41,41
32,3,41,55
32,3,50,10
32,3,50,40
32,3,50,11
186,1,33,16
186,1,41,43
186,1,41,41
186,1,41,55
186,1,50,10
186,1,50,40
186,1,50,11
186,1,61,41
186,1,61,56
171,2,10,41
171,2,32,28
171,2,32,29
171,2,32,22
171,2,32,24
171,2,32,9
171,2,32,26
171,2,32,27
171,2,32,8
171,2,32,67
171,2,32,68
171,2,32,69
171,2,41,43
171,2,41,41
171,2,41,55
171,2,50,10
171,2,50,40
171,2,50,11
171,2,61,41
171,2,61,56
176,2,30,17
176,2,50,10
176,2,50,40
176,2,50,11
176,2,61,41
176,2,61,56
183,7,30,17
122,5,32,28
122,5,32,29
122,5,32,22
122,5,32,24
122,5,32,9
122,5,32,26
122,5,32,27
122,5,32,8
122,5,32,67
122,5,32,68
122,5,32,69
122,5,41,43
122,5,41,41
122,5,41,55
122,5,50,10
122,5,50,40
122,5,50,11
193,2,30,17
193,2,33,16
193,2,50,10
193,2,50,40
193,2,50,11
193,2,61,41
193,2,61,56
148,4,32,28
148,4,32,29
148,4,32,22
148,4,32,24
148,4,32,9
148,4,32,26
148,4,32,27
148,4,32,8
148,4,32,67
148,4,32,68
148,4,32,69
148,4,41,43
148,4,41,41
148,4,41,55
181,4,32,28
181,4,32,29
181,4,32,22
181,4,32,24
181,4,32,9
181,4,32,26
181,4,32,27
181,4,32,8
181,4,32,67
181,4,32,68
181,4,32,69
181,4,41,43
181,4,41,41
181,4,41,55
