Grid,BigCellTypeID,x,y,AreaID
3200050,4,55,-5,2
2120060,5,70,25,2
5239020,1,20.5,-39.5,2
5238020,1,20.5,-38.5,2
5237020,1,20.5,-37.5,2
5236020,1,20.5,-36.5,2
5235020,1,20.5,-35.5,2
5234020,1,20.5,-34.5,2
5238021,1,21.5,-38.5,2
5237021,1,21.5,-37.5,2
5236021,1,21.5,-36.5,2
5235021,1,21.5,-35.5,2
5234021,1,21.5,-34.5,2
5238022,1,22.5,-38.5,2
5237022,1,22.5,-37.5,2
5236022,1,22.5,-36.5,2
5235022,1,22.5,-35.5,2
5234022,1,22.5,-34.5,2
5233022,1,22.5,-33.5,2
5238023,1,23.5,-38.5,2
5237023,1,23.5,-37.5,2
5236023,1,23.5,-36.5,2
5235023,1,23.5,-35.5,2
5234023,1,23.5,-34.5,2
5230023,1,23.5,-30.5,2
5239024,1,24.5,-39.5,2
5238024,1,24.5,-38.5,2
5236024,1,24.5,-36.5,2
5235024,1,24.5,-35.5,2
5234024,1,24.5,-34.5,2
5232024,1,24.5,-32.5,2
5231024,1,24.5,-31.5,2
5235025,1,25.5,-35.5,2
5234025,1,25.5,-34.5,2
5233025,1,25.5,-33.5,2
5237026,1,26.5,-37.5,2
5236026,1,26.5,-36.5,2
5234026,1,26.5,-34.5,2
5233026,1,26.5,-33.5,2
5234027,1,27.5,-34.5,2
5233027,1,27.5,-33.5,2
5238028,1,28.5,-38.5,2
5237028,1,28.5,-37.5,2
5233028,1,28.5,-33.5,2
5232028,1,28.5,-32.5,2
5238029,1,29.5,-38.5,2
5237029,1,29.5,-37.5,2
5236029,1,29.5,-36.5,2
5233029,1,29.5,-33.5,2
5232029,1,29.5,-32.5,2
5237030,1,30.5,-37.5,2
5236030,1,30.5,-36.5,2
5232030,1,30.5,-32.5,2
5231030,1,30.5,-31.5,2
5230030,1,30.5,-30.5,2
5229030,1,30.5,-29.5,2
5227030,1,30.5,-27.5,2
5239031,1,31.5,-39.5,2
5237031,1,31.5,-37.5,2
5235031,1,31.5,-35.5,2
5232031,1,31.5,-32.5,2
5231031,1,31.5,-31.5,2
5230031,1,31.5,-30.5,2
5229031,1,31.5,-29.5,2
5228031,1,31.5,-28.5,2
5227031,1,31.5,-27.5,2
5239032,1,32.5,-39.5,2
5236032,1,32.5,-36.5,2
5235032,1,32.5,-35.5,2
5234032,1,32.5,-34.5,2
5232032,1,32.5,-32.5,2
5231032,1,32.5,-31.5,2
5230032,1,32.5,-30.5,2
5229032,1,32.5,-29.5,2
5228032,1,32.5,-28.5,2
5227032,1,32.5,-27.5,2
5226032,1,32.5,-26.5,2
5221032,1,32.5,-21.5,2
5220032,1,32.5,-20.5,2
5129032,1,32.5,29.5,2
5238033,1,33.5,-38.5,2
5236033,1,33.5,-36.5,2
5235033,1,33.5,-35.5,2
5234033,1,33.5,-34.5,2
5233033,1,33.5,-33.5,2
5232033,1,33.5,-32.5,2
5231033,1,33.5,-31.5,2
5230033,1,33.5,-30.5,2
5229033,1,33.5,-29.5,2
5228033,1,33.5,-28.5,2
5227033,1,33.5,-27.5,2
5225033,1,33.5,-25.5,2
5238034,1,34.5,-38.5,2
5235034,1,34.5,-35.5,2
5234034,1,34.5,-34.5,2
5233034,1,34.5,-33.5,2
5232034,1,34.5,-32.5,2
5231034,1,34.5,-31.5,2
5230034,1,34.5,-30.5,2
5229034,1,34.5,-29.5,2
5228034,1,34.5,-28.5,2
5227034,1,34.5,-27.5,2
5226034,1,34.5,-26.5,2
5225034,1,34.5,-25.5,2
5224034,1,34.5,-24.5,2
5223034,1,34.5,-23.5,2
5221034,1,34.5,-21.5,2
5220034,1,34.5,-20.5,2
5219034,1,34.5,-19.5,2
5237035,1,35.5,-37.5,2
5236035,1,35.5,-36.5,2
5235035,1,35.5,-35.5,2
5234035,1,35.5,-34.5,2
5233035,1,35.5,-33.5,2
5232035,1,35.5,-32.5,2
5231035,1,35.5,-31.5,2
5230035,1,35.5,-30.5,2
5229035,1,35.5,-29.5,2
5228035,1,35.5,-28.5,2
5227035,1,35.5,-27.5,2
5226035,1,35.5,-26.5,2
5225035,1,35.5,-25.5,2
5224035,1,35.5,-24.5,2
5223035,1,35.5,-23.5,2
5222035,1,35.5,-22.5,2
5221035,1,35.5,-21.5,2
5218035,1,35.5,-18.5,2
5205035,1,35.5,-5.5,2
5125035,1,35.5,25.5,2
5237036,1,36.5,-37.5,2
5236036,1,36.5,-36.5,2
5235036,1,36.5,-35.5,2
5234036,1,36.5,-34.5,2
5233036,1,36.5,-33.5,2
5232036,1,36.5,-32.5,2
5231036,1,36.5,-31.5,2
5230036,1,36.5,-30.5,2
5229036,1,36.5,-29.5,2
5228036,1,36.5,-28.5,2
5227036,1,36.5,-27.5,2
5226036,1,36.5,-26.5,2
5225036,1,36.5,-25.5,2
5224036,1,36.5,-24.5,2
5223036,1,36.5,-23.5,2
5222036,1,36.5,-22.5,2
5221036,1,36.5,-21.5,2
5220036,1,36.5,-20.5,2
5219036,1,36.5,-19.5,2
5238037,1,37.5,-38.5,2
5234037,1,37.5,-34.5,2
5233037,1,37.5,-33.5,2
5232037,1,37.5,-32.5,2
5231037,1,37.5,-31.5,2
5230037,1,37.5,-30.5,2
5229037,1,37.5,-29.5,2
5228037,1,37.5,-28.5,2
5227037,1,37.5,-27.5,2
5226037,1,37.5,-26.5,2
5225037,1,37.5,-25.5,2
5224037,1,37.5,-24.5,2
5223037,1,37.5,-23.5,2
5222037,1,37.5,-22.5,2
5221037,1,37.5,-21.5,2
5220037,1,37.5,-20.5,2
5219037,1,37.5,-19.5,2
5218037,1,37.5,-18.5,2
5201037,1,37.5,-1.5,2
5240038,1,38.5,-40.5,2
5236038,1,38.5,-36.5,2
5234038,1,38.5,-34.5,2
5233038,1,38.5,-33.5,2
5232038,1,38.5,-32.5,2
5230038,1,38.5,-30.5,2
5229038,1,38.5,-29.5,2
5228038,1,38.5,-28.5,2
5227038,1,38.5,-27.5,2
5226038,1,38.5,-26.5,2
5225038,1,38.5,-25.5,2
5223038,1,38.5,-23.5,2
5222038,1,38.5,-22.5,2
5221038,1,38.5,-21.5,2
5220038,1,38.5,-20.5,2
5219038,1,38.5,-19.5,2
5218038,1,38.5,-18.5,2
5217038,1,38.5,-17.5,2
5216038,1,38.5,-16.5,2
5215038,1,38.5,-15.5,2
5213038,1,38.5,-13.5,2
5121038,1,38.5,21.5,2
5234039,1,39.5,-34.5,2
5233039,1,39.5,-33.5,2
5232039,1,39.5,-32.5,2
5231039,1,39.5,-31.5,2
5230039,1,39.5,-30.5,2
5229039,1,39.5,-29.5,2
5228039,1,39.5,-28.5,2
5227039,1,39.5,-27.5,2
5223039,1,39.5,-23.5,2
5222039,1,39.5,-22.5,2
5221039,1,39.5,-21.5,2
5220039,1,39.5,-20.5,2
5219039,1,39.5,-19.5,2
5218039,1,39.5,-18.5,2
5217039,1,39.5,-17.5,2
5216039,1,39.5,-16.5,2
5215039,1,39.5,-15.5,2
5213039,1,39.5,-13.5,2
5212039,1,39.5,-12.5,2
5209039,1,39.5,-9.5,2
5208039,1,39.5,-8.5,2
5207039,1,39.5,-7.5,2
5206039,1,39.5,-6.5,2
5205039,1,39.5,-5.5,2
5204039,1,39.5,-4.5,2
5203039,1,39.5,-3.5,2
5237040,1,40.5,-37.5,2
5233040,1,40.5,-33.5,2
5232040,1,40.5,-32.5,2
5231040,1,40.5,-31.5,2
5230040,1,40.5,-30.5,2
5229040,1,40.5,-29.5,2
5228040,1,40.5,-28.5,2
5227040,1,40.5,-27.5,2
5226040,1,40.5,-26.5,2
5225040,1,40.5,-25.5,2
5223040,1,40.5,-23.5,2
5222040,1,40.5,-22.5,2
5221040,1,40.5,-21.5,2
5220040,1,40.5,-20.5,2
5219040,1,40.5,-19.5,2
5218040,1,40.5,-18.5,2
5217040,1,40.5,-17.5,2
5216040,1,40.5,-16.5,2
5215040,1,40.5,-15.5,2
5214040,1,40.5,-14.5,2
5213040,1,40.5,-13.5,2
5212040,1,40.5,-12.5,2
5211040,1,40.5,-11.5,2
5210040,1,40.5,-10.5,2
5209040,1,40.5,-9.5,2
5208040,1,40.5,-8.5,2
5207040,1,40.5,-7.5,2
5206040,1,40.5,-6.5,2
5205040,1,40.5,-5.5,2
5204040,1,40.5,-4.5,2
5203040,1,40.5,-3.5,2
5202040,1,40.5,-2.5,2
5200040,1,40.5,-0.5,2
5117040,1,40.5,17.5,2
5237041,1,41.5,-37.5,2
5233041,1,41.5,-33.5,2
5232041,1,41.5,-32.5,2
5231041,1,41.5,-31.5,2
5230041,1,41.5,-30.5,2
5229041,1,41.5,-29.5,2
5228041,1,41.5,-28.5,2
5226041,1,41.5,-26.5,2
5225041,1,41.5,-25.5,2
5224041,1,41.5,-24.5,2
5223041,1,41.5,-23.5,2
5222041,1,41.5,-22.5,2
5221041,1,41.5,-21.5,2
5220041,1,41.5,-20.5,2
5219041,1,41.5,-19.5,2
5218041,1,41.5,-18.5,2
5217041,1,41.5,-17.5,2
5216041,1,41.5,-16.5,2
5215041,1,41.5,-15.5,2
5214041,1,41.5,-14.5,2
5213041,1,41.5,-13.5,2
5212041,1,41.5,-12.5,2
5211041,1,41.5,-11.5,2
5210041,1,41.5,-10.5,2
5209041,1,41.5,-9.5,2
5208041,1,41.5,-8.5,2
5207041,1,41.5,-7.5,2
5206041,1,41.5,-6.5,2
5205041,1,41.5,-5.5,2
5204041,1,41.5,-4.5,2
5203041,1,41.5,-3.5,2
5202041,1,41.5,-2.5,2
5201041,1,41.5,-1.5,2
5104041,1,41.5,4.5,2
5116041,1,41.5,16.5,2
5242042,1,42.5,-42.5,2
5240042,1,42.5,-40.5,2
5239042,1,42.5,-39.5,2
5238042,1,42.5,-38.5,2
5237042,1,42.5,-37.5,2
5234042,1,42.5,-34.5,2
5233042,1,42.5,-33.5,2
5232042,1,42.5,-32.5,2
5231042,1,42.5,-31.5,2
5230042,1,42.5,-30.5,2
5229042,1,42.5,-29.5,2
5228042,1,42.5,-28.5,2
5226042,1,42.5,-26.5,2
5225042,1,42.5,-25.5,2
5224042,1,42.5,-24.5,2
5223042,1,42.5,-23.5,2
5222042,1,42.5,-22.5,2
5221042,1,42.5,-21.5,2
5220042,1,42.5,-20.5,2
5219042,1,42.5,-19.5,2
5218042,1,42.5,-18.5,2
5217042,1,42.5,-17.5,2
5216042,1,42.5,-16.5,2
5215042,1,42.5,-15.5,2
5214042,1,42.5,-14.5,2
5213042,1,42.5,-13.5,2
5212042,1,42.5,-12.5,2
5211042,1,42.5,-11.5,2
5210042,1,42.5,-10.5,2
5209042,1,42.5,-9.5,2
5208042,1,42.5,-8.5,2
5207042,1,42.5,-7.5,2
5206042,1,42.5,-6.5,2
5205042,1,42.5,-5.5,2
5204042,1,42.5,-4.5,2
5203042,1,42.5,-3.5,2
5202042,1,42.5,-2.5,2
5201042,1,42.5,-1.5,2
5200042,1,42.5,-0.5,2
5102042,1,42.5,2.5,2
5103042,1,42.5,3.5,2
5240043,1,43.5,-40.5,2
5239043,1,43.5,-39.5,2
5234043,1,43.5,-34.5,2
5233043,1,43.5,-33.5,2
5232043,1,43.5,-32.5,2
5231043,1,43.5,-31.5,2
5230043,1,43.5,-30.5,2
5229043,1,43.5,-29.5,2
5228043,1,43.5,-28.5,2
5227043,1,43.5,-27.5,2
5226043,1,43.5,-26.5,2
5225043,1,43.5,-25.5,2
5224043,1,43.5,-24.5,2
5223043,1,43.5,-23.5,2
5221043,1,43.5,-21.5,2
5220043,1,43.5,-20.5,2
5219043,1,43.5,-19.5,2
5218043,1,43.5,-18.5,2
5217043,1,43.5,-17.5,2
5216043,1,43.5,-16.5,2
5215043,1,43.5,-15.5,2
5214043,1,43.5,-14.5,2
5213043,1,43.5,-13.5,2
5212043,1,43.5,-12.5,2
5211043,1,43.5,-11.5,2
5210043,1,43.5,-10.5,2
5209043,1,43.5,-9.5,2
5208043,1,43.5,-8.5,2
5207043,1,43.5,-7.5,2
5206043,1,43.5,-6.5,2
5205043,1,43.5,-5.5,2
5204043,1,43.5,-4.5,2
5203043,1,43.5,-3.5,2
5202043,1,43.5,-2.5,2
5201043,1,43.5,-1.5,2
5200043,1,43.5,-0.5,2
5100043,1,43.5,0.5,2
5102043,1,43.5,2.5,2
5104043,1,43.5,4.5,2
5111043,1,43.5,11.5,2
5112043,1,43.5,12.5,2
5113043,1,43.5,13.5,2
5234044,1,44.5,-34.5,2
5232044,1,44.5,-32.5,2
5231044,1,44.5,-31.5,2
5230044,1,44.5,-30.5,2
5229044,1,44.5,-29.5,2
5228044,1,44.5,-28.5,2
5227044,1,44.5,-27.5,2
5226044,1,44.5,-26.5,2
5225044,1,44.5,-25.5,2
5218044,1,44.5,-18.5,2
5217044,1,44.5,-17.5,2
5216044,1,44.5,-16.5,2
5215044,1,44.5,-15.5,2
5214044,1,44.5,-14.5,2
5213044,1,44.5,-13.5,2
5212044,1,44.5,-12.5,2
5211044,1,44.5,-11.5,2
5210044,1,44.5,-10.5,2
5209044,1,44.5,-9.5,2
5208044,1,44.5,-8.5,2
5207044,1,44.5,-7.5,2
5206044,1,44.5,-6.5,2
5205044,1,44.5,-5.5,2
5204044,1,44.5,-4.5,2
5203044,1,44.5,-3.5,2
5202044,1,44.5,-2.5,2
5201044,1,44.5,-1.5,2
5200044,1,44.5,-0.5,2
5100044,1,44.5,0.5,2
5101044,1,44.5,1.5,2
5103044,1,44.5,3.5,2
5112044,1,44.5,12.5,2
5240045,1,45.5,-40.5,2
5239045,1,45.5,-39.5,2
5232045,1,45.5,-32.5,2
5231045,1,45.5,-31.5,2
5230045,1,45.5,-30.5,2
5229045,1,45.5,-29.5,2
5228045,1,45.5,-28.5,2
5227045,1,45.5,-27.5,2
5226045,1,45.5,-26.5,2
5225045,1,45.5,-25.5,2
5220045,1,45.5,-20.5,2
5217045,1,45.5,-17.5,2
5216045,1,45.5,-16.5,2
5215045,1,45.5,-15.5,2
5214045,1,45.5,-14.5,2
5213045,1,45.5,-13.5,2
5212045,1,45.5,-12.5,2
5211045,1,45.5,-11.5,2
5210045,1,45.5,-10.5,2
5209045,1,45.5,-9.5,2
5208045,1,45.5,-8.5,2
5207045,1,45.5,-7.5,2
5206045,1,45.5,-6.5,2
5205045,1,45.5,-5.5,2
5204045,1,45.5,-4.5,2
5203045,1,45.5,-3.5,2
5202045,1,45.5,-2.5,2
5201045,1,45.5,-1.5,2
5200045,1,45.5,-0.5,2
5100045,1,45.5,0.5,2
5101045,1,45.5,1.5,2
5102045,1,45.5,2.5,2
5103045,1,45.5,3.5,2
5105045,1,45.5,5.5,2
5112045,1,45.5,12.5,2
5114045,1,45.5,14.5,2
5240046,1,46.5,-40.5,2
5239046,1,46.5,-39.5,2
5234046,1,46.5,-34.5,2
5232046,1,46.5,-32.5,2
5231046,1,46.5,-31.5,2
5230046,1,46.5,-30.5,2
5229046,1,46.5,-29.5,2
5228046,1,46.5,-28.5,2
5227046,1,46.5,-27.5,2
5226046,1,46.5,-26.5,2
5225046,1,46.5,-25.5,2
5215046,1,46.5,-15.5,2
5214046,1,46.5,-14.5,2
5213046,1,46.5,-13.5,2
5212046,1,46.5,-12.5,2
5211046,1,46.5,-11.5,2
5210046,1,46.5,-10.5,2
5209046,1,46.5,-9.5,2
5208046,1,46.5,-8.5,2
5207046,1,46.5,-7.5,2
5206046,1,46.5,-6.5,2
5205046,1,46.5,-5.5,2
5204046,1,46.5,-4.5,2
5203046,1,46.5,-3.5,2
5202046,1,46.5,-2.5,2
5201046,1,46.5,-1.5,2
5200046,1,46.5,-0.5,2
5100046,1,46.5,0.5,2
5101046,1,46.5,1.5,2
5102046,1,46.5,2.5,2
5103046,1,46.5,3.5,2
5104046,1,46.5,4.5,2
5112046,1,46.5,12.5,2
5239047,1,47.5,-39.5,2
5233047,1,47.5,-33.5,2
5232047,1,47.5,-32.5,2
5231047,1,47.5,-31.5,2
5230047,1,47.5,-30.5,2
5229047,1,47.5,-29.5,2
5228047,1,47.5,-28.5,2
5227047,1,47.5,-27.5,2
5226047,1,47.5,-26.5,2
5225047,1,47.5,-25.5,2
5224047,1,47.5,-24.5,2
5217047,1,47.5,-17.5,2
5216047,1,47.5,-16.5,2
5215047,1,47.5,-15.5,2
5214047,1,47.5,-14.5,2
5213047,1,47.5,-13.5,2
5212047,1,47.5,-12.5,2
5211047,1,47.5,-11.5,2
5210047,1,47.5,-10.5,2
5209047,1,47.5,-9.5,2
5208047,1,47.5,-8.5,2
5207047,1,47.5,-7.5,2
5206047,1,47.5,-6.5,2
5205047,1,47.5,-5.5,2
5204047,1,47.5,-4.5,2
5203047,1,47.5,-3.5,2
5202047,1,47.5,-2.5,2
5201047,1,47.5,-1.5,2
5200047,1,47.5,-0.5,2
5100047,1,47.5,0.5,2
5101047,1,47.5,1.5,2
5102047,1,47.5,2.5,2
5103047,1,47.5,3.5,2
5111047,1,47.5,11.5,2
5112047,1,47.5,12.5,2
5236048,1,48.5,-36.5,2
5233048,1,48.5,-33.5,2
5232048,1,48.5,-32.5,2
5231048,1,48.5,-31.5,2
5230048,1,48.5,-30.5,2
5229048,1,48.5,-29.5,2
5228048,1,48.5,-28.5,2
5227048,1,48.5,-27.5,2
5226048,1,48.5,-26.5,2
5225048,1,48.5,-25.5,2
5224048,1,48.5,-24.5,2
5223048,1,48.5,-23.5,2
5222048,1,48.5,-22.5,2
5221048,1,48.5,-21.5,2
5220048,1,48.5,-20.5,2
5218048,1,48.5,-18.5,2
5216048,1,48.5,-16.5,2
5215048,1,48.5,-15.5,2
5214048,1,48.5,-14.5,2
5213048,1,48.5,-13.5,2
5212048,1,48.5,-12.5,2
5211048,1,48.5,-11.5,2
5210048,1,48.5,-10.5,2
5209048,1,48.5,-9.5,2
5208048,1,48.5,-8.5,2
5207048,1,48.5,-7.5,2
5206048,1,48.5,-6.5,2
5205048,1,48.5,-5.5,2
5204048,1,48.5,-4.5,2
5203048,1,48.5,-3.5,2
5202048,1,48.5,-2.5,2
5201048,1,48.5,-1.5,2
5200048,1,48.5,-0.5,2
5100048,1,48.5,0.5,2
5101048,1,48.5,1.5,2
5102048,1,48.5,2.5,2
5103048,1,48.5,3.5,2
5104048,1,48.5,4.5,2
5105048,1,48.5,5.5,2
5106048,1,48.5,6.5,2
5111048,1,48.5,11.5,2
5112048,1,48.5,12.5,2
5113048,1,48.5,13.5,2
5236049,1,49.5,-36.5,2
5234049,1,49.5,-34.5,2
5233049,1,49.5,-33.5,2
5231049,1,49.5,-31.5,2
5230049,1,49.5,-30.5,2
5229049,1,49.5,-29.5,2
5228049,1,49.5,-28.5,2
5227049,1,49.5,-27.5,2
5226049,1,49.5,-26.5,2
5225049,1,49.5,-25.5,2
5224049,1,49.5,-24.5,2
5223049,1,49.5,-23.5,2
5222049,1,49.5,-22.5,2
5221049,1,49.5,-21.5,2
5220049,1,49.5,-20.5,2
5219049,1,49.5,-19.5,2
5218049,1,49.5,-18.5,2
5217049,1,49.5,-17.5,2
5215049,1,49.5,-15.5,2
5213049,1,49.5,-13.5,2
5212049,1,49.5,-12.5,2
5211049,1,49.5,-11.5,2
5210049,1,49.5,-10.5,2
5209049,1,49.5,-9.5,2
5208049,1,49.5,-8.5,2
5207049,1,49.5,-7.5,2
5206049,1,49.5,-6.5,2
5205049,1,49.5,-5.5,2
5204049,1,49.5,-4.5,2
5203049,1,49.5,-3.5,2
5202049,1,49.5,-2.5,2
5201049,1,49.5,-1.5,2
5200049,1,49.5,-0.5,2
5100049,1,49.5,0.5,2
5101049,1,49.5,1.5,2
5102049,1,49.5,2.5,2
5103049,1,49.5,3.5,2
5104049,1,49.5,4.5,2
5105049,1,49.5,5.5,2
5106049,1,49.5,6.5,2
5107049,1,49.5,7.5,2
5111049,1,49.5,11.5,2
5112049,1,49.5,12.5,2
5233050,1,50.5,-33.5,2
5230050,1,50.5,-30.5,2
5229050,1,50.5,-29.5,2
5226050,1,50.5,-26.5,2
5225050,1,50.5,-25.5,2
5224050,1,50.5,-24.5,2
5223050,1,50.5,-23.5,2
5222050,1,50.5,-22.5,2
5221050,1,50.5,-21.5,2
5220050,1,50.5,-20.5,2
5219050,1,50.5,-19.5,2
5218050,1,50.5,-18.5,2
5217050,1,50.5,-17.5,2
5216050,1,50.5,-16.5,2
5215050,1,50.5,-15.5,2
5214050,1,50.5,-14.5,2
5213050,1,50.5,-13.5,2
5212050,1,50.5,-12.5,2
5211050,1,50.5,-11.5,2
5210050,1,50.5,-10.5,2
5209050,1,50.5,-9.5,2
5208050,1,50.5,-8.5,2
5207050,1,50.5,-7.5,2
5206050,1,50.5,-6.5,2
5205050,1,50.5,-5.5,2
5204050,1,50.5,-4.5,2
5203050,1,50.5,-3.5,2
5202050,1,50.5,-2.5,2
5201050,1,50.5,-1.5,2
5200050,1,50.5,-0.5,2
5100050,1,50.5,0.5,2
5101050,1,50.5,1.5,2
5102050,1,50.5,2.5,2
5103050,1,50.5,3.5,2
5104050,1,50.5,4.5,2
5105050,1,50.5,5.5,2
5106050,1,50.5,6.5,2
5107050,1,50.5,7.5,2
5108050,1,50.5,8.5,2
5110050,1,50.5,10.5,2
5112050,1,50.5,12.5,2
5113050,1,50.5,13.5,2
5231051,1,51.5,-31.5,2
5230051,1,51.5,-30.5,2
5229051,1,51.5,-29.5,2
5227051,1,51.5,-27.5,2
5226051,1,51.5,-26.5,2
5225051,1,51.5,-25.5,2
5224051,1,51.5,-24.5,2
5223051,1,51.5,-23.5,2
5222051,1,51.5,-22.5,2
5221051,1,51.5,-21.5,2
5220051,1,51.5,-20.5,2
5219051,1,51.5,-19.5,2
5218051,1,51.5,-18.5,2
5217051,1,51.5,-17.5,2
5216051,1,51.5,-16.5,2
5215051,1,51.5,-15.5,2
5214051,1,51.5,-14.5,2
5213051,1,51.5,-13.5,2
5212051,1,51.5,-12.5,2
5211051,1,51.5,-11.5,2
5210051,1,51.5,-10.5,2
5209051,1,51.5,-9.5,2
5208051,1,51.5,-8.5,2
5207051,1,51.5,-7.5,2
5206051,1,51.5,-6.5,2
5205051,1,51.5,-5.5,2
5204051,1,51.5,-4.5,2
5203051,1,51.5,-3.5,2
5202051,1,51.5,-2.5,2
5201051,1,51.5,-1.5,2
5200051,1,51.5,-0.5,2
5100051,1,51.5,0.5,2
5101051,1,51.5,1.5,2
5102051,1,51.5,2.5,2
5103051,1,51.5,3.5,2
5104051,1,51.5,4.5,2
5105051,1,51.5,5.5,2
5106051,1,51.5,6.5,2
5107051,1,51.5,7.5,2
5108051,1,51.5,8.5,2
5109051,1,51.5,9.5,2
5110051,1,51.5,10.5,2
5111051,1,51.5,11.5,2
5112051,1,51.5,12.5,2
5113051,1,51.5,13.5,2
5236052,1,52.5,-36.5,2
5230052,1,52.5,-30.5,2
5229052,1,52.5,-29.5,2
5227052,1,52.5,-27.5,2
5226052,1,52.5,-26.5,2
5224052,1,52.5,-24.5,2
5223052,1,52.5,-23.5,2
5222052,1,52.5,-22.5,2
5221052,1,52.5,-21.5,2
5220052,1,52.5,-20.5,2
5219052,1,52.5,-19.5,2
5218052,1,52.5,-18.5,2
5217052,1,52.5,-17.5,2
5216052,1,52.5,-16.5,2
5215052,1,52.5,-15.5,2
5214052,1,52.5,-14.5,2
5213052,1,52.5,-13.5,2
5212052,1,52.5,-12.5,2
5211052,1,52.5,-11.5,2
5210052,1,52.5,-10.5,2
5209052,1,52.5,-9.5,2
5208052,1,52.5,-8.5,2
5207052,1,52.5,-7.5,2
5206052,1,52.5,-6.5,2
5205052,1,52.5,-5.5,2
5204052,1,52.5,-4.5,2
5203052,1,52.5,-3.5,2
5202052,1,52.5,-2.5,2
5201052,1,52.5,-1.5,2
5200052,1,52.5,-0.5,2
5100052,1,52.5,0.5,2
5101052,1,52.5,1.5,2
5102052,1,52.5,2.5,2
5103052,1,52.5,3.5,2
5104052,1,52.5,4.5,2
5105052,1,52.5,5.5,2
5106052,1,52.5,6.5,2
5107052,1,52.5,7.5,2
5108052,1,52.5,8.5,2
5109052,1,52.5,9.5,2
5110052,1,52.5,10.5,2
5111052,1,52.5,11.5,2
5112052,1,52.5,12.5,2
5113052,1,52.5,13.5,2
5231053,1,53.5,-31.5,2
5230053,1,53.5,-30.5,2
5229053,1,53.5,-29.5,2
5228053,1,53.5,-28.5,2
5227053,1,53.5,-27.5,2
5226053,1,53.5,-26.5,2
5225053,1,53.5,-25.5,2
5224053,1,53.5,-24.5,2
5223053,1,53.5,-23.5,2
5222053,1,53.5,-22.5,2
5221053,1,53.5,-21.5,2
5220053,1,53.5,-20.5,2
5219053,1,53.5,-19.5,2
5218053,1,53.5,-18.5,2
5217053,1,53.5,-17.5,2
5216053,1,53.5,-16.5,2
5215053,1,53.5,-15.5,2
5214053,1,53.5,-14.5,2
5213053,1,53.5,-13.5,2
5212053,1,53.5,-12.5,2
5211053,1,53.5,-11.5,2
5210053,1,53.5,-10.5,2
5209053,1,53.5,-9.5,2
5208053,1,53.5,-8.5,2
5207053,1,53.5,-7.5,2
5206053,1,53.5,-6.5,2
5205053,1,53.5,-5.5,2
5204053,1,53.5,-4.5,2
5203053,1,53.5,-3.5,2
5202053,1,53.5,-2.5,2
5201053,1,53.5,-1.5,2
5200053,1,53.5,-0.5,2
5100053,1,53.5,0.5,2
5101053,1,53.5,1.5,2
5102053,1,53.5,2.5,2
5103053,1,53.5,3.5,2
5104053,1,53.5,4.5,2
5105053,1,53.5,5.5,2
5106053,1,53.5,6.5,2
5107053,1,53.5,7.5,2
5108053,1,53.5,8.5,2
5109053,1,53.5,9.5,2
5110053,1,53.5,10.5,2
5111053,1,53.5,11.5,2
5112053,1,53.5,12.5,2
5113053,1,53.5,13.5,2
5114053,1,53.5,14.5,2
5117053,1,53.5,17.5,2
5119053,1,53.5,19.5,2
5231054,1,54.5,-31.5,2
5230054,1,54.5,-30.5,2
5229054,1,54.5,-29.5,2
5228054,1,54.5,-28.5,2
5226054,1,54.5,-26.5,2
5225054,1,54.5,-25.5,2
5224054,1,54.5,-24.5,2
5223054,1,54.5,-23.5,2
5222054,1,54.5,-22.5,2
5221054,1,54.5,-21.5,2
5220054,1,54.5,-20.5,2
5219054,1,54.5,-19.5,2
5218054,1,54.5,-18.5,2
5217054,1,54.5,-17.5,2
5216054,1,54.5,-16.5,2
5215054,1,54.5,-15.5,2
5214054,1,54.5,-14.5,2
5213054,1,54.5,-13.5,2
5212054,1,54.5,-12.5,2
5211054,1,54.5,-11.5,2
5210054,1,54.5,-10.5,2
5209054,1,54.5,-9.5,2
5208054,1,54.5,-8.5,2
5207054,1,54.5,-7.5,2
5206054,1,54.5,-6.5,2
5205054,1,54.5,-5.5,2
5204054,1,54.5,-4.5,2
5203054,1,54.5,-3.5,2
5202054,1,54.5,-2.5,2
5201054,1,54.5,-1.5,2
5200054,1,54.5,-0.5,2
5100054,1,54.5,0.5,2
5101054,1,54.5,1.5,2
5102054,1,54.5,2.5,2
5103054,1,54.5,3.5,2
5104054,1,54.5,4.5,2
5105054,1,54.5,5.5,2
5106054,1,54.5,6.5,2
5107054,1,54.5,7.5,2
5108054,1,54.5,8.5,2
5109054,1,54.5,9.5,2
5110054,1,54.5,10.5,2
5111054,1,54.5,11.5,2
5112054,1,54.5,12.5,2
5113054,1,54.5,13.5,2
5114054,1,54.5,14.5,2
5115054,1,54.5,15.5,2
5116054,1,54.5,16.5,2
5124054,1,54.5,24.5,2
5230055,1,55.5,-30.5,2
5229055,1,55.5,-29.5,2
5228055,1,55.5,-28.5,2
5227055,1,55.5,-27.5,2
5226055,1,55.5,-26.5,2
5224055,1,55.5,-24.5,2
5223055,1,55.5,-23.5,2
5222055,1,55.5,-22.5,2
5221055,1,55.5,-21.5,2
5220055,1,55.5,-20.5,2
5219055,1,55.5,-19.5,2
5218055,1,55.5,-18.5,2
5217055,1,55.5,-17.5,2
5216055,1,55.5,-16.5,2
5215055,1,55.5,-15.5,2
5214055,1,55.5,-14.5,2
5213055,1,55.5,-13.5,2
5212055,1,55.5,-12.5,2
5211055,1,55.5,-11.5,2
5210055,1,55.5,-10.5,2
5209055,1,55.5,-9.5,2
5208055,1,55.5,-8.5,2
5207055,1,55.5,-7.5,2
5206055,1,55.5,-6.5,2
5205055,1,55.5,-5.5,2
5204055,1,55.5,-4.5,2
5203055,1,55.5,-3.5,2
5202055,1,55.5,-2.5,2
5201055,1,55.5,-1.5,2
5200055,1,55.5,-0.5,2
5100055,1,55.5,0.5,2
5101055,1,55.5,1.5,2
5102055,1,55.5,2.5,2
5103055,1,55.5,3.5,2
5104055,1,55.5,4.5,2
5105055,1,55.5,5.5,2
5106055,1,55.5,6.5,2
5107055,1,55.5,7.5,2
5108055,1,55.5,8.5,2
5109055,1,55.5,9.5,2
5110055,1,55.5,10.5,2
5111055,1,55.5,11.5,2
5112055,1,55.5,12.5,2
5113055,1,55.5,13.5,2
5114055,1,55.5,14.5,2
5115055,1,55.5,15.5,2
5116055,1,55.5,16.5,2
5117055,1,55.5,17.5,2
5118055,1,55.5,18.5,2
5122055,1,55.5,22.5,2
5125055,1,55.5,25.5,2
5126055,1,55.5,26.5,2
5241056,1,56.5,-41.5,2
5230056,1,56.5,-30.5,2
5229056,1,56.5,-29.5,2
5228056,1,56.5,-28.5,2
5227056,1,56.5,-27.5,2
5225056,1,56.5,-25.5,2
5224056,1,56.5,-24.5,2
5223056,1,56.5,-23.5,2
5222056,1,56.5,-22.5,2
5221056,1,56.5,-21.5,2
5220056,1,56.5,-20.5,2
5219056,1,56.5,-19.5,2
5218056,1,56.5,-18.5,2
5217056,1,56.5,-17.5,2
5216056,1,56.5,-16.5,2
5215056,1,56.5,-15.5,2
5214056,1,56.5,-14.5,2
5213056,1,56.5,-13.5,2
5212056,1,56.5,-12.5,2
5211056,1,56.5,-11.5,2
5210056,1,56.5,-10.5,2
5209056,1,56.5,-9.5,2
5208056,1,56.5,-8.5,2
5207056,1,56.5,-7.5,2
5206056,1,56.5,-6.5,2
5205056,1,56.5,-5.5,2
5204056,1,56.5,-4.5,2
5203056,1,56.5,-3.5,2
5202056,1,56.5,-2.5,2
5201056,1,56.5,-1.5,2
5200056,1,56.5,-0.5,2
5100056,1,56.5,0.5,2
5101056,1,56.5,1.5,2
5102056,1,56.5,2.5,2
5103056,1,56.5,3.5,2
5104056,1,56.5,4.5,2
5105056,1,56.5,5.5,2
5106056,1,56.5,6.5,2
5107056,1,56.5,7.5,2
5108056,1,56.5,8.5,2
5109056,1,56.5,9.5,2
5110056,1,56.5,10.5,2
5111056,1,56.5,11.5,2
5112056,1,56.5,12.5,2
5113056,1,56.5,13.5,2
5114056,1,56.5,14.5,2
5115056,1,56.5,15.5,2
5116056,1,56.5,16.5,2
5117056,1,56.5,17.5,2
5119056,1,56.5,19.5,2
5124056,1,56.5,24.5,2
5125056,1,56.5,25.5,2
5126056,1,56.5,26.5,2
5127056,1,56.5,27.5,2
5232057,1,57.5,-32.5,2
5231057,1,57.5,-31.5,2
5229057,1,57.5,-29.5,2
5228057,1,57.5,-28.5,2
5227057,1,57.5,-27.5,2
5226057,1,57.5,-26.5,2
5225057,1,57.5,-25.5,2
5224057,1,57.5,-24.5,2
5223057,1,57.5,-23.5,2
5222057,1,57.5,-22.5,2
5221057,1,57.5,-21.5,2
5220057,1,57.5,-20.5,2
5219057,1,57.5,-19.5,2
5218057,1,57.5,-18.5,2
5217057,1,57.5,-17.5,2
5216057,1,57.5,-16.5,2
5215057,1,57.5,-15.5,2
5214057,1,57.5,-14.5,2
5213057,1,57.5,-13.5,2
5212057,1,57.5,-12.5,2
5211057,1,57.5,-11.5,2
5210057,1,57.5,-10.5,2
5209057,1,57.5,-9.5,2
5208057,1,57.5,-8.5,2
5207057,1,57.5,-7.5,2
5206057,1,57.5,-6.5,2
5205057,1,57.5,-5.5,2
5204057,1,57.5,-4.5,2
5203057,1,57.5,-3.5,2
5202057,1,57.5,-2.5,2
5201057,1,57.5,-1.5,2
5200057,1,57.5,-0.5,2
5100057,1,57.5,0.5,2
5101057,1,57.5,1.5,2
5102057,1,57.5,2.5,2
5103057,1,57.5,3.5,2
5104057,1,57.5,4.5,2
5105057,1,57.5,5.5,2
5106057,1,57.5,6.5,2
5107057,1,57.5,7.5,2
5108057,1,57.5,8.5,2
5109057,1,57.5,9.5,2
5110057,1,57.5,10.5,2
5111057,1,57.5,11.5,2
5112057,1,57.5,12.5,2
5113057,1,57.5,13.5,2
5114057,1,57.5,14.5,2
5115057,1,57.5,15.5,2
5116057,1,57.5,16.5,2
5117057,1,57.5,17.5,2
5118057,1,57.5,18.5,2
5119057,1,57.5,19.5,2
5120057,1,57.5,20.5,2
5122057,1,57.5,22.5,2
5123057,1,57.5,23.5,2
5124057,1,57.5,24.5,2
5125057,1,57.5,25.5,2
5126057,1,57.5,26.5,2
5231058,1,58.5,-31.5,2
5230058,1,58.5,-30.5,2
5229058,1,58.5,-29.5,2
5228058,1,58.5,-28.5,2
5224058,1,58.5,-24.5,2
5223058,1,58.5,-23.5,2
5222058,1,58.5,-22.5,2
5221058,1,58.5,-21.5,2
5220058,1,58.5,-20.5,2
5219058,1,58.5,-19.5,2
5218058,1,58.5,-18.5,2
5217058,1,58.5,-17.5,2
5216058,1,58.5,-16.5,2
5215058,1,58.5,-15.5,2
5214058,1,58.5,-14.5,2
5213058,1,58.5,-13.5,2
5212058,1,58.5,-12.5,2
5211058,1,58.5,-11.5,2
5210058,1,58.5,-10.5,2
5209058,1,58.5,-9.5,2
5208058,1,58.5,-8.5,2
5207058,1,58.5,-7.5,2
5206058,1,58.5,-6.5,2
5205058,1,58.5,-5.5,2
5204058,1,58.5,-4.5,2
5203058,1,58.5,-3.5,2
5202058,1,58.5,-2.5,2
5201058,1,58.5,-1.5,2
5200058,1,58.5,-0.5,2
5100058,1,58.5,0.5,2
5101058,1,58.5,1.5,2
5102058,1,58.5,2.5,2
5103058,1,58.5,3.5,2
5104058,1,58.5,4.5,2
5105058,1,58.5,5.5,2
5106058,1,58.5,6.5,2
5107058,1,58.5,7.5,2
5108058,1,58.5,8.5,2
5109058,1,58.5,9.5,2
5110058,1,58.5,10.5,2
5111058,1,58.5,11.5,2
5112058,1,58.5,12.5,2
5113058,1,58.5,13.5,2
5114058,1,58.5,14.5,2
5115058,1,58.5,15.5,2
5116058,1,58.5,16.5,2
5117058,1,58.5,17.5,2
5118058,1,58.5,18.5,2
5119058,1,58.5,19.5,2
5120058,1,58.5,20.5,2
5123058,1,58.5,23.5,2
5124058,1,58.5,24.5,2
5125058,1,58.5,25.5,2
5231059,1,59.5,-31.5,2
5230059,1,59.5,-30.5,2
5229059,1,59.5,-29.5,2
5228059,1,59.5,-28.5,2
5227059,1,59.5,-27.5,2
5226059,1,59.5,-26.5,2
5224059,1,59.5,-24.5,2
5221059,1,59.5,-21.5,2
5220059,1,59.5,-20.5,2
5219059,1,59.5,-19.5,2
5218059,1,59.5,-18.5,2
5217059,1,59.5,-17.5,2
5216059,1,59.5,-16.5,2
5215059,1,59.5,-15.5,2
5214059,1,59.5,-14.5,2
5213059,1,59.5,-13.5,2
5212059,1,59.5,-12.5,2
5211059,1,59.5,-11.5,2
5210059,1,59.5,-10.5,2
5209059,1,59.5,-9.5,2
5208059,1,59.5,-8.5,2
5207059,1,59.5,-7.5,2
5206059,1,59.5,-6.5,2
5205059,1,59.5,-5.5,2
5204059,1,59.5,-4.5,2
5203059,1,59.5,-3.5,2
5202059,1,59.5,-2.5,2
5201059,1,59.5,-1.5,2
5200059,1,59.5,-0.5,2
5100059,1,59.5,0.5,2
5101059,1,59.5,1.5,2
5102059,1,59.5,2.5,2
5103059,1,59.5,3.5,2
5104059,1,59.5,4.5,2
5105059,1,59.5,5.5,2
5106059,1,59.5,6.5,2
5107059,1,59.5,7.5,2
5108059,1,59.5,8.5,2
5109059,1,59.5,9.5,2
5110059,1,59.5,10.5,2
5111059,1,59.5,11.5,2
5112059,1,59.5,12.5,2
5113059,1,59.5,13.5,2
5114059,1,59.5,14.5,2
5115059,1,59.5,15.5,2
5116059,1,59.5,16.5,2
5117059,1,59.5,17.5,2
5118059,1,59.5,18.5,2
5119059,1,59.5,19.5,2
5120059,1,59.5,20.5,2
5121059,1,59.5,21.5,2
5122059,1,59.5,22.5,2
5123059,1,59.5,23.5,2
5124059,1,59.5,24.5,2
5125059,1,59.5,25.5,2
5231060,1,60.5,-31.5,2
5230060,1,60.5,-30.5,2
5229060,1,60.5,-29.5,2
5228060,1,60.5,-28.5,2
5227060,1,60.5,-27.5,2
5226060,1,60.5,-26.5,2
5225060,1,60.5,-25.5,2
5222060,1,60.5,-22.5,2
5220060,1,60.5,-20.5,2
5219060,1,60.5,-19.5,2
5218060,1,60.5,-18.5,2
5217060,1,60.5,-17.5,2
5216060,1,60.5,-16.5,2
5215060,1,60.5,-15.5,2
5214060,1,60.5,-14.5,2
5213060,1,60.5,-13.5,2
5212060,1,60.5,-12.5,2
5211060,1,60.5,-11.5,2
5210060,1,60.5,-10.5,2
5209060,1,60.5,-9.5,2
5208060,1,60.5,-8.5,2
5207060,1,60.5,-7.5,2
5206060,1,60.5,-6.5,2
5205060,1,60.5,-5.5,2
5204060,1,60.5,-4.5,2
5203060,1,60.5,-3.5,2
5202060,1,60.5,-2.5,2
5201060,1,60.5,-1.5,2
5200060,1,60.5,-0.5,2
5100060,1,60.5,0.5,2
5101060,1,60.5,1.5,2
5102060,1,60.5,2.5,2
5103060,1,60.5,3.5,2
5104060,1,60.5,4.5,2
5105060,1,60.5,5.5,2
5106060,1,60.5,6.5,2
5107060,1,60.5,7.5,2
5108060,1,60.5,8.5,2
5109060,1,60.5,9.5,2
5110060,1,60.5,10.5,2
5111060,1,60.5,11.5,2
5112060,1,60.5,12.5,2
5113060,1,60.5,13.5,2
5114060,1,60.5,14.5,2
5115060,1,60.5,15.5,2
5116060,1,60.5,16.5,2
5117060,1,60.5,17.5,2
5118060,1,60.5,18.5,2
5119060,1,60.5,19.5,2
5120060,1,60.5,20.5,2
5121060,1,60.5,21.5,2
5122060,1,60.5,22.5,2
5123060,1,60.5,23.5,2
5124060,1,60.5,24.5,2
5125060,1,60.5,25.5,2
5231061,1,61.5,-31.5,2
5230061,1,61.5,-30.5,2
5229061,1,61.5,-29.5,2
5228061,1,61.5,-28.5,2
5227061,1,61.5,-27.5,2
5221061,1,61.5,-21.5,2
5220061,1,61.5,-20.5,2
5219061,1,61.5,-19.5,2
5218061,1,61.5,-18.5,2
5217061,1,61.5,-17.5,2
5216061,1,61.5,-16.5,2
5215061,1,61.5,-15.5,2
5214061,1,61.5,-14.5,2
5213061,1,61.5,-13.5,2
5212061,1,61.5,-12.5,2
5211061,1,61.5,-11.5,2
5210061,1,61.5,-10.5,2
5209061,1,61.5,-9.5,2
5208061,1,61.5,-8.5,2
5207061,1,61.5,-7.5,2
5206061,1,61.5,-6.5,2
5205061,1,61.5,-5.5,2
5204061,1,61.5,-4.5,2
5203061,1,61.5,-3.5,2
5202061,1,61.5,-2.5,2
5201061,1,61.5,-1.5,2
5200061,1,61.5,-0.5,2
5100061,1,61.5,0.5,2
5101061,1,61.5,1.5,2
5102061,1,61.5,2.5,2
5103061,1,61.5,3.5,2
5104061,1,61.5,4.5,2
5105061,1,61.5,5.5,2
5106061,1,61.5,6.5,2
5107061,1,61.5,7.5,2
5108061,1,61.5,8.5,2
5109061,1,61.5,9.5,2
5110061,1,61.5,10.5,2
5111061,1,61.5,11.5,2
5112061,1,61.5,12.5,2
5113061,1,61.5,13.5,2
5114061,1,61.5,14.5,2
5115061,1,61.5,15.5,2
5116061,1,61.5,16.5,2
5117061,1,61.5,17.5,2
5118061,1,61.5,18.5,2
5119061,1,61.5,19.5,2
5120061,1,61.5,20.5,2
5121061,1,61.5,21.5,2
5122061,1,61.5,22.5,2
5123061,1,61.5,23.5,2
5124061,1,61.5,24.5,2
5230062,1,62.5,-30.5,2
5229062,1,62.5,-29.5,2
5228062,1,62.5,-28.5,2
5227062,1,62.5,-27.5,2
5226062,1,62.5,-26.5,2
5225062,1,62.5,-25.5,2
5219062,1,62.5,-19.5,2
5217062,1,62.5,-17.5,2
5216062,1,62.5,-16.5,2
5214062,1,62.5,-14.5,2
5213062,1,62.5,-13.5,2
5212062,1,62.5,-12.5,2
5211062,1,62.5,-11.5,2
5210062,1,62.5,-10.5,2
5209062,1,62.5,-9.5,2
5208062,1,62.5,-8.5,2
5207062,1,62.5,-7.5,2
5206062,1,62.5,-6.5,2
5205062,1,62.5,-5.5,2
5204062,1,62.5,-4.5,2
5203062,1,62.5,-3.5,2
5202062,1,62.5,-2.5,2
5201062,1,62.5,-1.5,2
5200062,1,62.5,-0.5,2
5100062,1,62.5,0.5,2
5101062,1,62.5,1.5,2
5102062,1,62.5,2.5,2
5103062,1,62.5,3.5,2
5104062,1,62.5,4.5,2
5105062,1,62.5,5.5,2
5106062,1,62.5,6.5,2
5107062,1,62.5,7.5,2
5108062,1,62.5,8.5,2
5109062,1,62.5,9.5,2
5110062,1,62.5,10.5,2
5111062,1,62.5,11.5,2
5112062,1,62.5,12.5,2
5113062,1,62.5,13.5,2
5114062,1,62.5,14.5,2
5115062,1,62.5,15.5,2
5116062,1,62.5,16.5,2
5118062,1,62.5,18.5,2
5119062,1,62.5,19.5,2
5120062,1,62.5,20.5,2
5121062,1,62.5,21.5,2
5122062,1,62.5,22.5,2
5123062,1,62.5,23.5,2
5124062,1,62.5,24.5,2
5230063,1,63.5,-30.5,2
5229063,1,63.5,-29.5,2
5228063,1,63.5,-28.5,2
5227063,1,63.5,-27.5,2
5226063,1,63.5,-26.5,2
5225063,1,63.5,-25.5,2
5220063,1,63.5,-20.5,2
5217063,1,63.5,-17.5,2
5216063,1,63.5,-16.5,2
5215063,1,63.5,-15.5,2
5214063,1,63.5,-14.5,2
5213063,1,63.5,-13.5,2
5212063,1,63.5,-12.5,2
5211063,1,63.5,-11.5,2
5210063,1,63.5,-10.5,2
5209063,1,63.5,-9.5,2
5208063,1,63.5,-8.5,2
5207063,1,63.5,-7.5,2
5206063,1,63.5,-6.5,2
5205063,1,63.5,-5.5,2
5204063,1,63.5,-4.5,2
5203063,1,63.5,-3.5,2
5202063,1,63.5,-2.5,2
5201063,1,63.5,-1.5,2
5200063,1,63.5,-0.5,2
5100063,1,63.5,0.5,2
5101063,1,63.5,1.5,2
5102063,1,63.5,2.5,2
5103063,1,63.5,3.5,2
5104063,1,63.5,4.5,2
5105063,1,63.5,5.5,2
5106063,1,63.5,6.5,2
5107063,1,63.5,7.5,2
5108063,1,63.5,8.5,2
5109063,1,63.5,9.5,2
5110063,1,63.5,10.5,2
5111063,1,63.5,11.5,2
5112063,1,63.5,12.5,2
5113063,1,63.5,13.5,2
5114063,1,63.5,14.5,2
5115063,1,63.5,15.5,2
5116063,1,63.5,16.5,2
5117063,1,63.5,17.5,2
5118063,1,63.5,18.5,2
5119063,1,63.5,19.5,2
5120063,1,63.5,20.5,2
5121063,1,63.5,21.5,2
5122063,1,63.5,22.5,2
5123063,1,63.5,23.5,2
5229064,1,64.5,-29.5,2
5228064,1,64.5,-28.5,2
5227064,1,64.5,-27.5,2
5226064,1,64.5,-26.5,2
5221064,1,64.5,-21.5,2
5220064,1,64.5,-20.5,2
5219064,1,64.5,-19.5,2
5218064,1,64.5,-18.5,2
5216064,1,64.5,-16.5,2
5215064,1,64.5,-15.5,2
5213064,1,64.5,-13.5,2
5212064,1,64.5,-12.5,2
5211064,1,64.5,-11.5,2
5210064,1,64.5,-10.5,2
5209064,1,64.5,-9.5,2
5208064,1,64.5,-8.5,2
5207064,1,64.5,-7.5,2
5206064,1,64.5,-6.5,2
5205064,1,64.5,-5.5,2
5204064,1,64.5,-4.5,2
5203064,1,64.5,-3.5,2
5202064,1,64.5,-2.5,2
5201064,1,64.5,-1.5,2
5200064,1,64.5,-0.5,2
5100064,1,64.5,0.5,2
5101064,1,64.5,1.5,2
5102064,1,64.5,2.5,2
5103064,1,64.5,3.5,2
5104064,1,64.5,4.5,2
5105064,1,64.5,5.5,2
5106064,1,64.5,6.5,2
5107064,1,64.5,7.5,2
5108064,1,64.5,8.5,2
5109064,1,64.5,9.5,2
5110064,1,64.5,10.5,2
5111064,1,64.5,11.5,2
5112064,1,64.5,12.5,2
5113064,1,64.5,13.5,2
5114064,1,64.5,14.5,2
5115064,1,64.5,15.5,2
5116064,1,64.5,16.5,2
5117064,1,64.5,17.5,2
5119064,1,64.5,19.5,2
5120064,1,64.5,20.5,2
5121064,1,64.5,21.5,2
5229065,1,65.5,-29.5,2
5228065,1,65.5,-28.5,2
5227065,1,65.5,-27.5,2
5226065,1,65.5,-26.5,2
5224065,1,65.5,-24.5,2
5223065,1,65.5,-23.5,2
5221065,1,65.5,-21.5,2
5216065,1,65.5,-16.5,2
5213065,1,65.5,-13.5,2
5212065,1,65.5,-12.5,2
5211065,1,65.5,-11.5,2
5210065,1,65.5,-10.5,2
5209065,1,65.5,-9.5,2
5208065,1,65.5,-8.5,2
5207065,1,65.5,-7.5,2
5206065,1,65.5,-6.5,2
5205065,1,65.5,-5.5,2
5204065,1,65.5,-4.5,2
5203065,1,65.5,-3.5,2
5202065,1,65.5,-2.5,2
5201065,1,65.5,-1.5,2
5200065,1,65.5,-0.5,2
5100065,1,65.5,0.5,2
5101065,1,65.5,1.5,2
5102065,1,65.5,2.5,2
5103065,1,65.5,3.5,2
5104065,1,65.5,4.5,2
5105065,1,65.5,5.5,2
5106065,1,65.5,6.5,2
5107065,1,65.5,7.5,2
5108065,1,65.5,8.5,2
5109065,1,65.5,9.5,2
5110065,1,65.5,10.5,2
5111065,1,65.5,11.5,2
5112065,1,65.5,12.5,2
5113065,1,65.5,13.5,2
5114065,1,65.5,14.5,2
5115065,1,65.5,15.5,2
5116065,1,65.5,16.5,2
5117065,1,65.5,17.5,2
5118065,1,65.5,18.5,2
5120065,1,65.5,20.5,2
5121065,1,65.5,21.5,2
5122065,1,65.5,22.5,2
5230066,1,66.5,-30.5,2
5229066,1,66.5,-29.5,2
5228066,1,66.5,-28.5,2
5227066,1,66.5,-27.5,2
5226066,1,66.5,-26.5,2
5225066,1,66.5,-25.5,2
5224066,1,66.5,-24.5,2
5222066,1,66.5,-22.5,2
5220066,1,66.5,-20.5,2
5219066,1,66.5,-19.5,2
5218066,1,66.5,-18.5,2
5215066,1,66.5,-15.5,2
5214066,1,66.5,-14.5,2
5212066,1,66.5,-12.5,2
5211066,1,66.5,-11.5,2
5210066,1,66.5,-10.5,2
5209066,1,66.5,-9.5,2
5208066,1,66.5,-8.5,2
5207066,1,66.5,-7.5,2
5206066,1,66.5,-6.5,2
5205066,1,66.5,-5.5,2
5204066,1,66.5,-4.5,2
5203066,1,66.5,-3.5,2
5202066,1,66.5,-2.5,2
5201066,1,66.5,-1.5,2
5200066,1,66.5,-0.5,2
5100066,1,66.5,0.5,2
5101066,1,66.5,1.5,2
5102066,1,66.5,2.5,2
5103066,1,66.5,3.5,2
5104066,1,66.5,4.5,2
5105066,1,66.5,5.5,2
5106066,1,66.5,6.5,2
5107066,1,66.5,7.5,2
5108066,1,66.5,8.5,2
5109066,1,66.5,9.5,2
5110066,1,66.5,10.5,2
5111066,1,66.5,11.5,2
5112066,1,66.5,12.5,2
5113066,1,66.5,13.5,2
5114066,1,66.5,14.5,2
5115066,1,66.5,15.5,2
5116066,1,66.5,16.5,2
5117066,1,66.5,17.5,2
5118066,1,66.5,18.5,2
5119066,1,66.5,19.5,2
5120066,1,66.5,20.5,2
5229067,1,67.5,-29.5,2
5228067,1,67.5,-28.5,2
5227067,1,67.5,-27.5,2
5226067,1,67.5,-26.5,2
5225067,1,67.5,-25.5,2
5223067,1,67.5,-23.5,2
5221067,1,67.5,-21.5,2
5214067,1,67.5,-14.5,2
5213067,1,67.5,-13.5,2
5212067,1,67.5,-12.5,2
5211067,1,67.5,-11.5,2
5210067,1,67.5,-10.5,2
5209067,1,67.5,-9.5,2
5208067,1,67.5,-8.5,2
5207067,1,67.5,-7.5,2
5206067,1,67.5,-6.5,2
5205067,1,67.5,-5.5,2
5204067,1,67.5,-4.5,2
5203067,1,67.5,-3.5,2
5202067,1,67.5,-2.5,2
5201067,1,67.5,-1.5,2
5200067,1,67.5,-0.5,2
5100067,1,67.5,0.5,2
5101067,1,67.5,1.5,2
5102067,1,67.5,2.5,2
5103067,1,67.5,3.5,2
5104067,1,67.5,4.5,2
5105067,1,67.5,5.5,2
5106067,1,67.5,6.5,2
5107067,1,67.5,7.5,2
5108067,1,67.5,8.5,2
5109067,1,67.5,9.5,2
5110067,1,67.5,10.5,2
5111067,1,67.5,11.5,2
5112067,1,67.5,12.5,2
5113067,1,67.5,13.5,2
5114067,1,67.5,14.5,2
5115067,1,67.5,15.5,2
5116067,1,67.5,16.5,2
5117067,1,67.5,17.5,2
5119067,1,67.5,19.5,2
5229068,1,68.5,-29.5,2
5228068,1,68.5,-28.5,2
5227068,1,68.5,-27.5,2
5226068,1,68.5,-26.5,2
5225068,1,68.5,-25.5,2
5223068,1,68.5,-23.5,2
5222068,1,68.5,-22.5,2
5218068,1,68.5,-18.5,2
5213068,1,68.5,-13.5,2
5212068,1,68.5,-12.5,2
5211068,1,68.5,-11.5,2
5210068,1,68.5,-10.5,2
5209068,1,68.5,-9.5,2
5208068,1,68.5,-8.5,2
5207068,1,68.5,-7.5,2
5206068,1,68.5,-6.5,2
5205068,1,68.5,-5.5,2
5204068,1,68.5,-4.5,2
5203068,1,68.5,-3.5,2
5202068,1,68.5,-2.5,2
5201068,1,68.5,-1.5,2
5200068,1,68.5,-0.5,2
5100068,1,68.5,0.5,2
5101068,1,68.5,1.5,2
5102068,1,68.5,2.5,2
5103068,1,68.5,3.5,2
5104068,1,68.5,4.5,2
5105068,1,68.5,5.5,2
5106068,1,68.5,6.5,2
5107068,1,68.5,7.5,2
5108068,1,68.5,8.5,2
5109068,1,68.5,9.5,2
5110068,1,68.5,10.5,2
5111068,1,68.5,11.5,2
5113068,1,68.5,13.5,2
5114068,1,68.5,14.5,2
5116068,1,68.5,16.5,2
5118068,1,68.5,18.5,2
5119068,1,68.5,19.5,2
5120068,1,68.5,20.5,2
5121068,1,68.5,21.5,2
5122068,1,68.5,22.5,2
5231069,1,69.5,-31.5,2
5230069,1,69.5,-30.5,2
5227069,1,69.5,-27.5,2
5226069,1,69.5,-26.5,2
5225069,1,69.5,-25.5,2
5223069,1,69.5,-23.5,2
5222069,1,69.5,-22.5,2
5213069,1,69.5,-13.5,2
5212069,1,69.5,-12.5,2
5211069,1,69.5,-11.5,2
5210069,1,69.5,-10.5,2
5209069,1,69.5,-9.5,2
5208069,1,69.5,-8.5,2
5207069,1,69.5,-7.5,2
5206069,1,69.5,-6.5,2
5205069,1,69.5,-5.5,2
5204069,1,69.5,-4.5,2
5203069,1,69.5,-3.5,2
5202069,1,69.5,-2.5,2
5201069,1,69.5,-1.5,2
5200069,1,69.5,-0.5,2
5100069,1,69.5,0.5,2
5101069,1,69.5,1.5,2
5102069,1,69.5,2.5,2
5103069,1,69.5,3.5,2
5104069,1,69.5,4.5,2
5105069,1,69.5,5.5,2
5106069,1,69.5,6.5,2
5107069,1,69.5,7.5,2
5108069,1,69.5,8.5,2
5110069,1,69.5,10.5,2
5111069,1,69.5,11.5,2
5113069,1,69.5,13.5,2
5117069,1,69.5,17.5,2
5119069,1,69.5,19.5,2
5230070,1,70.5,-30.5,2
5227070,1,70.5,-27.5,2
5226070,1,70.5,-26.5,2
5223070,1,70.5,-23.5,2
5212070,1,70.5,-12.5,2
5211070,1,70.5,-11.5,2
5210070,1,70.5,-10.5,2
5209070,1,70.5,-9.5,2
5208070,1,70.5,-8.5,2
5207070,1,70.5,-7.5,2
5206070,1,70.5,-6.5,2
5205070,1,70.5,-5.5,2
5204070,1,70.5,-4.5,2
5203070,1,70.5,-3.5,2
5202070,1,70.5,-2.5,2
5201070,1,70.5,-1.5,2
5200070,1,70.5,-0.5,2
5100070,1,70.5,0.5,2
5101070,1,70.5,1.5,2
5102070,1,70.5,2.5,2
5103070,1,70.5,3.5,2
5104070,1,70.5,4.5,2
5105070,1,70.5,5.5,2
5106070,1,70.5,6.5,2
5110070,1,70.5,10.5,2
5115070,1,70.5,15.5,2
5230071,1,71.5,-30.5,2
5229071,1,71.5,-29.5,2
5226071,1,71.5,-26.5,2
5225071,1,71.5,-25.5,2
5224071,1,71.5,-24.5,2
5223071,1,71.5,-23.5,2
5222071,1,71.5,-22.5,2
5212071,1,71.5,-12.5,2
5211071,1,71.5,-11.5,2
5210071,1,71.5,-10.5,2
5209071,1,71.5,-9.5,2
5208071,1,71.5,-8.5,2
5207071,1,71.5,-7.5,2
5206071,1,71.5,-6.5,2
5205071,1,71.5,-5.5,2
5204071,1,71.5,-4.5,2
5203071,1,71.5,-3.5,2
5202071,1,71.5,-2.5,2
5201071,1,71.5,-1.5,2
5200071,1,71.5,-0.5,2
5100071,1,71.5,0.5,2
5101071,1,71.5,1.5,2
5103071,1,71.5,3.5,2
5105071,1,71.5,5.5,2
5110071,1,71.5,10.5,2
5114071,1,71.5,14.5,2
5115071,1,71.5,15.5,2
5117071,1,71.5,17.5,2
5230072,1,72.5,-30.5,2
5229072,1,72.5,-29.5,2
5224072,1,72.5,-24.5,2
5223072,1,72.5,-23.5,2
5221072,1,72.5,-21.5,2
5220072,1,72.5,-20.5,2
5212072,1,72.5,-12.5,2
5211072,1,72.5,-11.5,2
5210072,1,72.5,-10.5,2
5209072,1,72.5,-9.5,2
5208072,1,72.5,-8.5,2
5207072,1,72.5,-7.5,2
5206072,1,72.5,-6.5,2
5205072,1,72.5,-5.5,2
5204072,1,72.5,-4.5,2
5203072,1,72.5,-3.5,2
5202072,1,72.5,-2.5,2
5201072,1,72.5,-1.5,2
5200072,1,72.5,-0.5,2
5100072,1,72.5,0.5,2
5101072,1,72.5,1.5,2
5102072,1,72.5,2.5,2
5103072,1,72.5,3.5,2
5104072,1,72.5,4.5,2
5105072,1,72.5,5.5,2
5106072,1,72.5,6.5,2
5107072,1,72.5,7.5,2
5234073,1,73.5,-34.5,2
5232073,1,73.5,-32.5,2
5230073,1,73.5,-30.5,2
5229073,1,73.5,-29.5,2
5225073,1,73.5,-25.5,2
5223073,1,73.5,-23.5,2
5222073,1,73.5,-22.5,2
5220073,1,73.5,-20.5,2
5216073,1,73.5,-16.5,2
5215073,1,73.5,-15.5,2
5212073,1,73.5,-12.5,2
5211073,1,73.5,-11.5,2
5210073,1,73.5,-10.5,2
5209073,1,73.5,-9.5,2
5208073,1,73.5,-8.5,2
5207073,1,73.5,-7.5,2
5206073,1,73.5,-6.5,2
5205073,1,73.5,-5.5,2
5204073,1,73.5,-4.5,2
5203073,1,73.5,-3.5,2
5202073,1,73.5,-2.5,2
5201073,1,73.5,-1.5,2
5200073,1,73.5,-0.5,2
5100073,1,73.5,0.5,2
5101073,1,73.5,1.5,2
5102073,1,73.5,2.5,2
5103073,1,73.5,3.5,2
5104073,1,73.5,4.5,2
5105073,1,73.5,5.5,2
5106073,1,73.5,6.5,2
5225074,1,74.5,-25.5,2
5224074,1,74.5,-24.5,2
5223074,1,74.5,-23.5,2
5220074,1,74.5,-20.5,2
5216074,1,74.5,-16.5,2
5214074,1,74.5,-14.5,2
5212074,1,74.5,-12.5,2
5211074,1,74.5,-11.5,2
5210074,1,74.5,-10.5,2
5209074,1,74.5,-9.5,2
5208074,1,74.5,-8.5,2
5207074,1,74.5,-7.5,2
5206074,1,74.5,-6.5,2
5205074,1,74.5,-5.5,2
5204074,1,74.5,-4.5,2
5203074,1,74.5,-3.5,2
5202074,1,74.5,-2.5,2
5201074,1,74.5,-1.5,2
5200074,1,74.5,-0.5,2
5100074,1,74.5,0.5,2
5101074,1,74.5,1.5,2
5226075,1,75.5,-26.5,2
5225075,1,75.5,-25.5,2
5224075,1,75.5,-24.5,2
5214075,1,75.5,-14.5,2
5212075,1,75.5,-12.5,2
5211075,1,75.5,-11.5,2
5210075,1,75.5,-10.5,2
5209075,1,75.5,-9.5,2
5208075,1,75.5,-8.5,2
5207075,1,75.5,-7.5,2
5206075,1,75.5,-6.5,2
5205075,1,75.5,-5.5,2
5204075,1,75.5,-4.5,2
5203075,1,75.5,-3.5,2
5202075,1,75.5,-2.5,2
5201075,1,75.5,-1.5,2
5200075,1,75.5,-0.5,2
5100075,1,75.5,0.5,2
5101075,1,75.5,1.5,2
5103075,1,75.5,3.5,2
5104075,1,75.5,4.5,2
5105075,1,75.5,5.5,2
5228076,1,76.5,-28.5,2
5227076,1,76.5,-27.5,2
5226076,1,76.5,-26.5,2
5225076,1,76.5,-25.5,2
5224076,1,76.5,-24.5,2
5212076,1,76.5,-12.5,2
5211076,1,76.5,-11.5,2
5210076,1,76.5,-10.5,2
5209076,1,76.5,-9.5,2
5208076,1,76.5,-8.5,2
5207076,1,76.5,-7.5,2
5206076,1,76.5,-6.5,2
5205076,1,76.5,-5.5,2
5204076,1,76.5,-4.5,2
5203076,1,76.5,-3.5,2
5202076,1,76.5,-2.5,2
5201076,1,76.5,-1.5,2
5200076,1,76.5,-0.5,2
5100076,1,76.5,0.5,2
5101076,1,76.5,1.5,2
5102076,1,76.5,2.5,2
5103076,1,76.5,3.5,2
5105076,1,76.5,5.5,2
5106076,1,76.5,6.5,2
5110076,1,76.5,10.5,2
5236077,1,77.5,-36.5,2
5226077,1,77.5,-26.5,2
5225077,1,77.5,-25.5,2
5211077,1,77.5,-11.5,2
5210077,1,77.5,-10.5,2
5209077,1,77.5,-9.5,2
5208077,1,77.5,-8.5,2
5207077,1,77.5,-7.5,2
5206077,1,77.5,-6.5,2
5205077,1,77.5,-5.5,2
5204077,1,77.5,-4.5,2
5203077,1,77.5,-3.5,2
5202077,1,77.5,-2.5,2
5201077,1,77.5,-1.5,2
5200077,1,77.5,-0.5,2
5100077,1,77.5,0.5,1
5101077,1,77.5,1.5,1
5102077,1,77.5,2.5,1
5103077,1,77.5,3.5,1
5104077,1,77.5,4.5,1
5234078,1,78.5,-34.5,2
5232078,1,78.5,-32.5,2
5227078,1,78.5,-27.5,2
5226078,1,78.5,-26.5,2
5213078,1,78.5,-13.5,2
5211078,1,78.5,-11.5,2
5210078,1,78.5,-10.5,2
5209078,1,78.5,-9.5,2
5208078,1,78.5,-8.5,2
5207078,1,78.5,-7.5,2
5206078,1,78.5,-6.5,2
5205078,1,78.5,-5.5,2
5204078,1,78.5,-4.5,2
5203078,1,78.5,-3.5,2
5202078,1,78.5,-2.5,2
5201078,1,78.5,-1.5,2
5200078,1,78.5,-0.5,2
5100078,1,78.5,0.5,1
5101078,1,78.5,1.5,1
5102078,1,78.5,2.5,1
5103078,1,78.5,3.5,1
5106078,1,78.5,6.5,1
5233079,1,79.5,-33.5,2
5232079,1,79.5,-32.5,2
5231079,1,79.5,-31.5,2
5227079,1,79.5,-27.5,2
5216079,1,79.5,-16.5,2
5211079,1,79.5,-11.5,2
5210079,1,79.5,-10.5,2
5209079,1,79.5,-9.5,2
5208079,1,79.5,-8.5,2
5207079,1,79.5,-7.5,2
5206079,1,79.5,-6.5,2
5205079,1,79.5,-5.5,2
5204079,1,79.5,-4.5,2
5203079,1,79.5,-3.5,2
5202079,1,79.5,-2.5,2
5201079,1,79.5,-1.5,2
5200079,1,79.5,-0.5,2
5100079,1,79.5,0.5,1
5101079,1,79.5,1.5,1
5102079,1,79.5,2.5,1
5103079,1,79.5,3.5,1
5105079,1,79.5,5.5,1
5106079,1,79.5,6.5,1
5108079,1,79.5,8.5,1
5233080,1,80.5,-33.5,1
5232080,1,80.5,-32.5,1
5231080,1,80.5,-31.5,1
5211080,1,80.5,-11.5,1
5209080,1,80.5,-9.5,1
5208080,1,80.5,-8.5,1
5207080,1,80.5,-7.5,1
5206080,1,80.5,-6.5,1
5205080,1,80.5,-5.5,1
5204080,1,80.5,-4.5,1
5203080,1,80.5,-3.5,1
5202080,1,80.5,-2.5,1
5201080,1,80.5,-1.5,1
5200080,1,80.5,-0.5,1
5100080,1,80.5,0.5,1
5101080,1,80.5,1.5,1
5102080,1,80.5,2.5,1
5103080,1,80.5,3.5,1
5110080,1,80.5,10.5,1
5115080,1,80.5,15.5,1
5231081,1,81.5,-31.5,1
5230081,1,81.5,-30.5,1
5212081,1,81.5,-12.5,1
5211081,1,81.5,-11.5,1
5210081,1,81.5,-10.5,1
5209081,1,81.5,-9.5,1
5208081,1,81.5,-8.5,1
5207081,1,81.5,-7.5,1
5206081,1,81.5,-6.5,1
5205081,1,81.5,-5.5,1
5204081,1,81.5,-4.5,1
5203081,1,81.5,-3.5,1
5202081,1,81.5,-2.5,1
5201081,1,81.5,-1.5,1
5200081,1,81.5,-0.5,1
5100081,1,81.5,0.5,1
5101081,1,81.5,1.5,1
5102081,1,81.5,2.5,1
5103081,1,81.5,3.5,1
5104081,1,81.5,4.5,1
5108081,1,81.5,8.5,1
5234082,1,82.5,-34.5,1
5233082,1,82.5,-33.5,1
5232082,1,82.5,-32.5,1
5231082,1,82.5,-31.5,1
5212082,1,82.5,-12.5,1
5211082,1,82.5,-11.5,1
5210082,1,82.5,-10.5,1
5209082,1,82.5,-9.5,1
5208082,1,82.5,-8.5,1
5207082,1,82.5,-7.5,1
5206082,1,82.5,-6.5,1
5205082,1,82.5,-5.5,1
5204082,1,82.5,-4.5,1
5203082,1,82.5,-3.5,1
5202082,1,82.5,-2.5,1
5201082,1,82.5,-1.5,1
5200082,1,82.5,-0.5,1
5100082,1,82.5,0.5,1
5101082,1,82.5,1.5,1
5102082,1,82.5,2.5,1
5103082,1,82.5,3.5,1
5104082,1,82.5,4.5,1
5105082,1,82.5,5.5,1
5237083,1,83.5,-37.5,1
5234083,1,83.5,-34.5,1
5232083,1,83.5,-32.5,1
5231083,1,83.5,-31.5,1
5211083,1,83.5,-11.5,1
5210083,1,83.5,-10.5,1
5209083,1,83.5,-9.5,1
5208083,1,83.5,-8.5,1
5207083,1,83.5,-7.5,1
5206083,1,83.5,-6.5,1
5205083,1,83.5,-5.5,1
5204083,1,83.5,-4.5,1
5203083,1,83.5,-3.5,1
5202083,1,83.5,-2.5,1
5201083,1,83.5,-1.5,1
5200083,1,83.5,-0.5,1
5100083,1,83.5,0.5,1
5101083,1,83.5,1.5,1
5102083,1,83.5,2.5,1
5103083,1,83.5,3.5,1
5104083,1,83.5,4.5,1
5234084,1,84.5,-34.5,1
5231084,1,84.5,-31.5,1
5211084,1,84.5,-11.5,1
5210084,1,84.5,-10.5,1
5209084,1,84.5,-9.5,1
5208084,1,84.5,-8.5,1
5207084,1,84.5,-7.5,1
5206084,1,84.5,-6.5,1
5205084,1,84.5,-5.5,1
5204084,1,84.5,-4.5,1
5203084,1,84.5,-3.5,1
5202084,1,84.5,-2.5,1
5201084,1,84.5,-1.5,1
5200084,1,84.5,-0.5,1
5100084,1,84.5,0.5,1
5101084,1,84.5,1.5,1
5102084,1,84.5,2.5,1
5103084,1,84.5,3.5,1
5104084,1,84.5,4.5,1
5119084,1,84.5,19.5,1
5237085,1,85.5,-37.5,1
5236085,1,85.5,-36.5,1
5231085,1,85.5,-31.5,1
5210085,1,85.5,-10.5,1
5209085,1,85.5,-9.5,1
5208085,1,85.5,-8.5,1
5207085,1,85.5,-7.5,1
5206085,1,85.5,-6.5,1
5205085,1,85.5,-5.5,1
5204085,1,85.5,-4.5,1
5203085,1,85.5,-3.5,1
5202085,1,85.5,-2.5,1
5201085,1,85.5,-1.5,1
5200085,1,85.5,-0.5,1
5100085,1,85.5,0.5,1
5101085,1,85.5,1.5,1
5102085,1,85.5,2.5,1
5103085,1,85.5,3.5,1
5104085,1,85.5,4.5,1
5105085,1,85.5,5.5,1
5110085,1,85.5,10.5,1
5115085,1,85.5,15.5,1
5232086,1,86.5,-32.5,1
5211086,1,86.5,-11.5,1
5210086,1,86.5,-10.5,1
5209086,1,86.5,-9.5,1
5208086,1,86.5,-8.5,1
5207086,1,86.5,-7.5,1
5206086,1,86.5,-6.5,1
5205086,1,86.5,-5.5,1
5204086,1,86.5,-4.5,1
5203086,1,86.5,-3.5,1
5202086,1,86.5,-2.5,1
5201086,1,86.5,-1.5,1
5200086,1,86.5,-0.5,1
5100086,1,86.5,0.5,1
5101086,1,86.5,1.5,1
5102086,1,86.5,2.5,1
5103086,1,86.5,3.5,1
5104086,1,86.5,4.5,1
5105086,1,86.5,5.5,1
5232087,1,87.5,-32.5,1
5231087,1,87.5,-31.5,1
5225087,1,87.5,-25.5,1
5211087,1,87.5,-11.5,1
5210087,1,87.5,-10.5,1
5209087,1,87.5,-9.5,1
5208087,1,87.5,-8.5,1
5207087,1,87.5,-7.5,1
5206087,1,87.5,-6.5,1
5205087,1,87.5,-5.5,1
5204087,1,87.5,-4.5,1
5203087,1,87.5,-3.5,1
5202087,1,87.5,-2.5,1
5201087,1,87.5,-1.5,1
5200087,1,87.5,-0.5,1
5100087,1,87.5,0.5,1
5101087,1,87.5,1.5,1
5102087,1,87.5,2.5,1
5103087,1,87.5,3.5,1
5104087,1,87.5,4.5,1
5105087,1,87.5,5.5,1
5106087,1,87.5,6.5,1
5232088,1,88.5,-32.5,1
5213088,1,88.5,-13.5,1
5211088,1,88.5,-11.5,1
5210088,1,88.5,-10.5,1
5209088,1,88.5,-9.5,1
5208088,1,88.5,-8.5,1
5207088,1,88.5,-7.5,1
5206088,1,88.5,-6.5,1
5205088,1,88.5,-5.5,1
5204088,1,88.5,-4.5,1
5203088,1,88.5,-3.5,1
5202088,1,88.5,-2.5,1
5201088,1,88.5,-1.5,1
5200088,1,88.5,-0.5,1
5100088,1,88.5,0.5,1
5101088,1,88.5,1.5,1
5102088,1,88.5,2.5,1
5103088,1,88.5,3.5,1
5104088,1,88.5,4.5,1
5105088,1,88.5,5.5,1
5106088,1,88.5,6.5,1
5110088,1,88.5,10.5,1
5232089,1,89.5,-32.5,1
5211089,1,89.5,-11.5,1
5210089,1,89.5,-10.5,1
5209089,1,89.5,-9.5,1
5208089,1,89.5,-8.5,1
5207089,1,89.5,-7.5,1
5206089,1,89.5,-6.5,1
5205089,1,89.5,-5.5,1
5204089,1,89.5,-4.5,1
5203089,1,89.5,-3.5,1
5202089,1,89.5,-2.5,1
5201089,1,89.5,-1.5,1
5200089,1,89.5,-0.5,1
5100089,1,89.5,0.5,1
5101089,1,89.5,1.5,1
5102089,1,89.5,2.5,1
5103089,1,89.5,3.5,1
5104089,1,89.5,4.5,1
5105089,1,89.5,5.5,1
5106089,1,89.5,6.5,1
5107089,1,89.5,7.5,1
5232090,1,90.5,-32.5,1
5231090,1,90.5,-31.5,1
5212090,1,90.5,-12.5,1
5211090,1,90.5,-11.5,1
5210090,1,90.5,-10.5,1
5209090,1,90.5,-9.5,1
5208090,1,90.5,-8.5,1
5207090,1,90.5,-7.5,1
5206090,1,90.5,-6.5,1
5205090,1,90.5,-5.5,1
5204090,1,90.5,-4.5,1
5203090,1,90.5,-3.5,1
5202090,1,90.5,-2.5,1
5201090,1,90.5,-1.5,1
5200090,1,90.5,-0.5,1
5100090,1,90.5,0.5,1
5101090,1,90.5,1.5,1
5102090,1,90.5,2.5,1
5103090,1,90.5,3.5,1
5104090,1,90.5,4.5,1
5105090,1,90.5,5.5,1
5106090,1,90.5,6.5,1
5110090,1,90.5,10.5,1
5213091,1,91.5,-13.5,1
5210091,1,91.5,-10.5,1
5209091,1,91.5,-9.5,1
5208091,1,91.5,-8.5,1
5207091,1,91.5,-7.5,1
5206091,1,91.5,-6.5,1
5205091,1,91.5,-5.5,1
5204091,1,91.5,-4.5,1
5203091,1,91.5,-3.5,1
5202091,1,91.5,-2.5,1
5201091,1,91.5,-1.5,1
5200091,1,91.5,-0.5,1
5100091,1,91.5,0.5,1
5101091,1,91.5,1.5,1
5102091,1,91.5,2.5,1
5103091,1,91.5,3.5,1
5104091,1,91.5,4.5,1
5105091,1,91.5,5.5,1
5110091,1,91.5,10.5,1
5210092,1,92.5,-10.5,1
5209092,1,92.5,-9.5,1
5208092,1,92.5,-8.5,1
5207092,1,92.5,-7.5,1
5206092,1,92.5,-6.5,1
5205092,1,92.5,-5.5,1
5204092,1,92.5,-4.5,1
5203092,1,92.5,-3.5,1
5202092,1,92.5,-2.5,1
5201092,1,92.5,-1.5,1
5200092,1,92.5,-0.5,1
5100092,1,92.5,0.5,1
5101092,1,92.5,1.5,1
5102092,1,92.5,2.5,1
5103092,1,92.5,3.5,1
5104092,1,92.5,4.5,1
5105092,1,92.5,5.5,1
5110092,1,92.5,10.5,1
5232093,1,93.5,-32.5,1
5212093,1,93.5,-12.5,1
5211093,1,93.5,-11.5,1
5210093,1,93.5,-10.5,1
5209093,1,93.5,-9.5,1
5208093,1,93.5,-8.5,1
5207093,1,93.5,-7.5,1
5206093,1,93.5,-6.5,1
5205093,1,93.5,-5.5,1
5204093,1,93.5,-4.5,1
5203093,1,93.5,-3.5,1
5202093,1,93.5,-2.5,1
5201093,1,93.5,-1.5,1
5200093,1,93.5,-0.5,1
5100093,1,93.5,0.5,1
5101093,1,93.5,1.5,1
5102093,1,93.5,2.5,1
5103093,1,93.5,3.5,1
5104093,1,93.5,4.5,1
5105093,1,93.5,5.5,1
5106093,1,93.5,6.5,1
5110093,1,93.5,10.5,1
5233094,1,94.5,-33.5,1
5232094,1,94.5,-32.5,1
5209094,1,94.5,-9.5,1
5208094,1,94.5,-8.5,1
5207094,1,94.5,-7.5,1
5206094,1,94.5,-6.5,1
5205094,1,94.5,-5.5,1
5204094,1,94.5,-4.5,1
5203094,1,94.5,-3.5,1
5202094,1,94.5,-2.5,1
5201094,1,94.5,-1.5,1
5200094,1,94.5,-0.5,1
5100094,1,94.5,0.5,1
5101094,1,94.5,1.5,1
5103094,1,94.5,3.5,1
5104094,1,94.5,4.5,1
5105094,1,94.5,5.5,1
5106094,1,94.5,6.5,1
5234095,1,95.5,-34.5,1
5233095,1,95.5,-33.5,1
5212095,1,95.5,-12.5,1
5210095,1,95.5,-10.5,1
5209095,1,95.5,-9.5,1
5208095,1,95.5,-8.5,1
5207095,1,95.5,-7.5,1
5206095,1,95.5,-6.5,1
5205095,1,95.5,-5.5,1
5204095,1,95.5,-4.5,1
5203095,1,95.5,-3.5,1
5202095,1,95.5,-2.5,1
5201095,1,95.5,-1.5,1
5200095,1,95.5,-0.5,1
5100095,1,95.5,0.5,1
5101095,1,95.5,1.5,1
5103095,1,95.5,3.5,1
5105095,1,95.5,5.5,1
5106095,1,95.5,6.5,1
5233096,1,96.5,-33.5,1
5213096,1,96.5,-13.5,1
5208096,1,96.5,-8.5,1
5207096,1,96.5,-7.5,1
5206096,1,96.5,-6.5,1
5205096,1,96.5,-5.5,1
5204096,1,96.5,-4.5,1
5203096,1,96.5,-3.5,1
5202096,1,96.5,-2.5,1
5201096,1,96.5,-1.5,1
5200096,1,96.5,-0.5,1
5100096,1,96.5,0.5,1
5103096,1,96.5,3.5,1
5105096,1,96.5,5.5,1
5106096,1,96.5,6.5,1
5107096,1,96.5,7.5,1
5208097,1,97.5,-8.5,1
5207097,1,97.5,-7.5,1
5206097,1,97.5,-6.5,1
5205097,1,97.5,-5.5,1
5204097,1,97.5,-4.5,1
5203097,1,97.5,-3.5,1
5202097,1,97.5,-2.5,1
5201097,1,97.5,-1.5,1
5200097,1,97.5,-0.5,1
5105097,1,97.5,5.5,1
5107097,1,97.5,7.5,1
5108097,1,97.5,8.5,1
5209098,1,98.5,-9.5,1
5208098,1,98.5,-8.5,1
5207098,1,98.5,-7.5,1
5206098,1,98.5,-6.5,1
5205098,1,98.5,-5.5,1
5204098,1,98.5,-4.5,1
5203098,1,98.5,-3.5,1
5202098,1,98.5,-2.5,1
5201098,1,98.5,-1.5,1
5104098,1,98.5,4.5,1
5105098,1,98.5,5.5,1
5107098,1,98.5,7.5,1
5213099,1,99.5,-13.5,1
5212099,1,99.5,-12.5,1
5211099,1,99.5,-11.5,1
5210099,1,99.5,-10.5,1
5209099,1,99.5,-9.5,1
5208099,1,99.5,-8.5,1
5207099,1,99.5,-7.5,1
5206099,1,99.5,-6.5,1
5205099,1,99.5,-5.5,1
5204099,1,99.5,-4.5,1
5203099,1,99.5,-3.5,1
5103099,1,99.5,3.5,1
5104099,1,99.5,4.5,1
5209100,1,100.5,-9.5,1
5208100,1,100.5,-8.5,1
5227102,1,102.5,-27.5,1
5101102,1,102.5,1.5,1
5208104,1,104.5,-8.5,1
5210105,1,105.5,-10.5,1
5211106,1,106.5,-11.5,1
5223107,1,107.5,-23.5,1
5230110,1,110.5,-30.5,1
5226110,1,110.5,-26.5,1
5225110,1,110.5,-25.5,1
5208110,1,110.5,-8.5,1
5231111,1,111.5,-31.5,1
5230111,1,111.5,-30.5,1
5229111,1,111.5,-29.5,1
5228111,1,111.5,-28.5,1
5226111,1,111.5,-26.5,1
5234112,1,112.5,-34.5,1
5233112,1,112.5,-33.5,1
5232112,1,112.5,-32.5,1
5230112,1,112.5,-30.5,1
5229112,1,112.5,-29.5,1
5227112,1,112.5,-27.5,1
5225112,1,112.5,-25.5,1
5224112,1,112.5,-24.5,1
5235113,1,113.5,-35.5,1
5234113,1,113.5,-34.5,1
5233113,1,113.5,-33.5,1
5232113,1,113.5,-32.5,1
5230113,1,113.5,-30.5,1
5226113,1,113.5,-26.5,1
5225113,1,113.5,-25.5,1
5224113,1,113.5,-24.5,1
5222113,1,113.5,-22.5,1
5233114,1,114.5,-33.5,1
5232114,1,114.5,-32.5,1
5231114,1,114.5,-31.5,1
5229114,1,114.5,-29.5,1
5222114,1,114.5,-22.5,1
5221114,1,114.5,-21.5,1
5208114,1,114.5,-8.5,1
5235115,1,115.5,-35.5,1
5234115,1,115.5,-34.5,1
5232115,1,115.5,-32.5,1
5231115,1,115.5,-31.5,1
5236116,1,116.5,-36.5,1
5235116,1,116.5,-35.5,1
5235117,1,117.5,-35.5,1
5235118,1,118.5,-35.5,1
5235119,1,119.5,-35.5,1
5234119,1,119.5,-34.5,1
5219119,1,119.5,-19.5,1
5234120,1,120.5,-34.5,1
5217121,1,121.5,-17.5,1
5216121,1,121.5,-16.5,1
5216122,1,122.5,-16.5,1
5214122,1,122.5,-14.5,1
5214124,1,124.5,-14.5,1
5233128,1,128.5,-33.5,1
5233129,1,129.5,-33.5,1
5232129,1,129.5,-32.5,1
5212129,1,129.5,-12.5,1
5211129,1,129.5,-11.5,1
5234130,1,130.5,-34.5,1
5233130,1,130.5,-33.5,1
5232130,1,130.5,-32.5,1
5234131,1,131.5,-34.5,1
5233131,1,131.5,-33.5,1
5232131,1,131.5,-32.5,1
5231131,1,131.5,-31.5,1
5235132,1,132.5,-35.5,1
5234132,1,132.5,-34.5,1
5233132,1,132.5,-33.5,1
5232132,1,132.5,-32.5,1
5235133,1,133.5,-35.5,1
5234133,1,133.5,-34.5,1
5233133,1,133.5,-33.5,1
5232133,1,133.5,-32.5,1
5235134,1,134.5,-35.5,1
5234134,1,134.5,-34.5,1
5233134,1,134.5,-33.5,1
5232134,1,134.5,-32.5,1
5236135,1,135.5,-36.5,1
5235135,1,135.5,-35.5,1
5234135,1,135.5,-34.5,1
5236136,1,136.5,-36.5,1
5235136,1,136.5,-35.5,1
5234136,1,136.5,-34.5,1
5237137,1,137.5,-37.5,1
5236137,1,137.5,-36.5,1
5237138,1,138.5,-37.5,1
5236138,1,138.5,-36.5,1
5234138,1,138.5,-34.5,1
5238139,1,139.5,-38.5,1
5237139,1,139.5,-37.5,1
5239140,1,140.5,-39.5,1
5238140,1,140.5,-38.5,1
5241141,1,141.5,-41.5,1
5243143,1,143.5,-43.5,1
5243144,1,144.5,-43.5,1
5236144,1,144.5,-36.5,1
5243145,1,145.5,-43.5,1
5239145,1,145.5,-39.5,1
5245146,1,146.5,-45.5,1
5243146,1,146.5,-43.5,1
5242146,1,146.5,-42.5,1
5244147,1,147.5,-44.5,1
5243147,1,147.5,-43.5,1
5240147,1,147.5,-40.5,1
5239147,1,147.5,-39.5,1
5238147,1,147.5,-38.5,1
5237147,1,147.5,-37.5,1
5245148,1,148.5,-45.5,1
5244148,1,148.5,-44.5,1
5243148,1,148.5,-43.5,1
5242148,1,148.5,-42.5,1
5241148,1,148.5,-41.5,1
5240148,1,148.5,-40.5,1
5239148,1,148.5,-39.5,1
5238148,1,148.5,-38.5,1
5237148,1,148.5,-37.5,1
5243149,1,149.5,-43.5,1
5242149,1,149.5,-42.5,1
5241149,1,149.5,-41.5,1
5240149,1,149.5,-40.5,1
5239149,1,149.5,-39.5,1
5238149,1,149.5,-38.5,1
5237149,1,149.5,-37.5,1
5236149,1,149.5,-36.5,1
5235149,1,149.5,-35.5,1
4220040,6,50,-30,2
6230020,2,22.5,-32.5,2
6235020,2,22.5,-37.5,2
6240020,2,22.5,-42.5,2
6245020,2,22.5,-47.5,2
6230025,2,27.5,-32.5,2
6235025,2,27.5,-37.5,2
6240025,2,27.5,-42.5,2
6245025,2,27.5,-47.5,2
6215030,2,32.5,-17.5,2
6220030,2,32.5,-22.5,2
6225030,2,32.5,-27.5,2
6230030,2,32.5,-32.5,2
6235030,2,32.5,-37.5,2
6240030,2,32.5,-42.5,2
6245030,2,32.5,-47.5,2
6115035,2,37.5,17.5,2
6120035,2,37.5,22.5,2
6200035,2,37.5,-2.5,2
6205035,2,37.5,-7.5,2
6210035,2,37.5,-12.5,2
6215035,2,37.5,-17.5,2
6220035,2,37.5,-22.5,2
6225035,2,37.5,-27.5,2
6230035,2,37.5,-32.5,2
6235035,2,37.5,-37.5,2
6240035,2,37.5,-42.5,2
6245035,2,37.5,-47.5,2
6100040,2,42.5,2.5,2
6110040,2,42.5,12.5,2
6115040,2,42.5,17.5,2
6120040,2,42.5,22.5,2
6200040,2,42.5,-2.5,2
6205040,2,42.5,-7.5,2
6210040,2,42.5,-12.5,2
6215040,2,42.5,-17.5,2
6220040,2,42.5,-22.5,2
6225040,2,42.5,-27.5,2
6230040,2,42.5,-32.5,2
6235040,2,42.5,-37.5,2
6240040,2,42.5,-42.5,2
6245040,2,42.5,-47.5,2
6100045,2,47.5,2.5,2
6105045,2,47.5,7.5,2
6110045,2,47.5,12.5,2
6200045,2,47.5,-2.5,2
6205045,2,47.5,-7.5,2
6210045,2,47.5,-12.5,2
6215045,2,47.5,-17.5,2
6220045,2,47.5,-22.5,2
6225045,2,47.5,-27.5,2
6230045,2,47.5,-32.5,2
6235045,2,47.5,-37.5,2
6240045,2,47.5,-42.5,2
6245045,2,47.5,-47.5,2
6100050,2,52.5,2.5,2
6105050,2,52.5,7.5,2
6110050,2,52.5,12.5,2
6115050,2,52.5,17.5,2
6125050,2,52.5,27.5,2
6200050,2,52.5,-2.5,2
6205050,2,52.5,-7.5,2
6210050,2,52.5,-12.5,2
6215050,2,52.5,-17.5,2
6220050,2,52.5,-22.5,2
6225050,2,52.5,-27.5,2
6230050,2,52.5,-32.5,2
6235050,2,52.5,-37.5,2
6240050,2,52.5,-42.5,2
6100055,2,57.5,2.5,2
6105055,2,57.5,7.5,2
6110055,2,57.5,12.5,2
6115055,2,57.5,17.5,2
6120055,2,57.5,22.5,2
6125055,2,57.5,27.5,2
6200055,2,57.5,-2.5,2
6205055,2,57.5,-7.5,2
6210055,2,57.5,-12.5,2
6215055,2,57.5,-17.5,2
6220055,2,57.5,-22.5,2
6225055,2,57.5,-27.5,2
6230055,2,57.5,-32.5,2
6235055,2,57.5,-37.5,2
6240055,2,57.5,-42.5,2
6245055,2,57.5,-47.5,2
6100060,2,62.5,2.5,2
6105060,2,62.5,7.5,2
6110060,2,62.5,12.5,2
6115060,2,62.5,17.5,2
6120060,2,62.5,22.5,2
6125060,2,62.5,27.5,2
6200060,2,62.5,-2.5,2
6205060,2,62.5,-7.5,2
6210060,2,62.5,-12.5,2
6215060,2,62.5,-17.5,2
6220060,2,62.5,-22.5,2
6225060,2,62.5,-27.5,2
6230060,2,62.5,-32.5,2
6235060,2,62.5,-37.5,2
6240060,2,62.5,-42.5,2
6245060,2,62.5,-47.5,2
6100065,2,67.5,2.5,2
6105065,2,67.5,7.5,2
6110065,2,67.5,12.5,2
6115065,2,67.5,17.5,2
6120065,2,67.5,22.5,2
6125065,2,67.5,27.5,2
6200065,2,67.5,-2.5,2
6205065,2,67.5,-7.5,2
6210065,2,67.5,-12.5,2
6215065,2,67.5,-17.5,2
6220065,2,67.5,-22.5,2
6225065,2,67.5,-27.5,2
6230065,2,67.5,-32.5,2
6235065,2,67.5,-37.5,2
6240065,2,67.5,-42.5,2
6245065,2,67.5,-47.5,2
6255065,2,67.5,-57.5,2
6100070,2,72.5,2.5,2
6105070,2,72.5,7.5,2
6110070,2,72.5,12.5,2
6115070,2,72.5,17.5,2
6120070,2,72.5,22.5,2
6200070,2,72.5,-2.5,2
6205070,2,72.5,-7.5,2
6210070,2,72.5,-12.5,2
6215070,2,72.5,-17.5,2
6220070,2,72.5,-22.5,2
6225070,2,72.5,-27.5,2
6230070,2,72.5,-32.5,2
6235070,2,72.5,-37.5,2
6240070,2,72.5,-42.5,2
6245070,2,72.5,-47.5,2
6100075,2,77.5,2.5,3
6105075,2,77.5,7.5,3
6110075,2,77.5,12.5,3
6115075,2,77.5,17.5,1
6200075,2,77.5,-2.5,2
6205075,2,77.5,-7.5,2
6210075,2,77.5,-12.5,2
6215075,2,77.5,-17.5,2
6220075,2,77.5,-22.5,2
6225075,2,77.5,-27.5,2
6230075,2,77.5,-32.5,2
6235075,2,77.5,-37.5,2
6240075,2,77.5,-42.5,2
6245075,2,77.5,-47.5,2
6100080,2,82.5,2.5,1
6105080,2,82.5,7.5,1
6110080,2,82.5,12.5,1
6115080,2,82.5,17.5,1
6200080,2,82.5,-2.5,1
6205080,2,82.5,-7.5,1
6210080,2,82.5,-12.5,1
6215080,2,82.5,-17.5,1
6220080,2,82.5,-22.5,1
6225080,2,82.5,-27.5,1
6230080,2,82.5,-32.5,1
6235080,2,82.5,-37.5,1
6240080,2,82.5,-42.5,1
6245080,2,82.5,-47.5,1
6100085,2,87.5,2.5,1
6105085,2,87.5,7.5,1
6110085,2,87.5,12.5,1
6115085,2,87.5,17.5,1
6120085,2,87.5,22.5,1
6200085,2,87.5,-2.5,1
6205085,2,87.5,-7.5,1
6210085,2,87.5,-12.5,1
6215085,2,87.5,-17.5,1
6220085,2,87.5,-22.5,1
6225085,2,87.5,-27.5,1
6230085,2,87.5,-32.5,1
6235085,2,87.5,-37.5,1
6240085,2,87.5,-42.5,1
6245085,2,87.5,-47.5,1
6100090,2,92.5,2.5,1
6105090,2,92.5,7.5,1
6110090,2,92.5,12.5,1
6115090,2,92.5,17.5,1
6120090,2,92.5,22.5,1
6200090,2,92.5,-2.5,1
6205090,2,92.5,-7.5,1
6210090,2,92.5,-12.5,1
6215090,2,92.5,-17.5,1
6220090,2,92.5,-22.5,1
6225090,2,92.5,-27.5,1
6230090,2,92.5,-32.5,1
6235090,2,92.5,-37.5,1
6240090,2,92.5,-42.5,1
6245090,2,92.5,-47.5,1
6100095,2,97.5,2.5,1
6105095,2,97.5,7.5,1
6110095,2,97.5,12.5,1
6115095,2,97.5,17.5,1
6200095,2,97.5,-2.5,1
6205095,2,97.5,-7.5,1
6210095,2,97.5,-12.5,1
6215095,2,97.5,-17.5,1
6220095,2,97.5,-22.5,1
6225095,2,97.5,-27.5,1
6230095,2,97.5,-32.5,1
6235095,2,97.5,-37.5,1
6240095,2,97.5,-42.5,1
6245095,2,97.5,-47.5,1
6100100,2,102.5,2.5,1
6105100,2,102.5,7.5,1
6200100,2,102.5,-2.5,1
6205100,2,102.5,-7.5,1
6210100,2,102.5,-12.5,1
6215100,2,102.5,-17.5,1
6220100,2,102.5,-22.5,1
6225100,2,102.5,-27.5,1
6230100,2,102.5,-32.5,1
6235100,2,102.5,-37.5,1
6240100,2,102.5,-42.5,1
6245100,2,102.5,-47.5,1
6205105,2,107.5,-7.5,1
6210105,2,107.5,-12.5,1
6215105,2,107.5,-17.5,1
6220105,2,107.5,-22.5,1
6225105,2,107.5,-27.5,1
6230105,2,107.5,-32.5,1
6235105,2,107.5,-37.5,1
6240105,2,107.5,-42.5,1
6245105,2,107.5,-47.5,1
6205110,2,112.5,-7.5,1
6210110,2,112.5,-12.5,1
6215110,2,112.5,-17.5,1
6220110,2,112.5,-22.5,1
6225110,2,112.5,-27.5,1
6230110,2,112.5,-32.5,1
6235110,2,112.5,-37.5,1
6240110,2,112.5,-42.5,1
6245110,2,112.5,-47.5,1
6205115,2,117.5,-7.5,1
6210115,2,117.5,-12.5,1
6215115,2,117.5,-17.5,1
6220115,2,117.5,-22.5,1
6230115,2,117.5,-32.5,1
6235115,2,117.5,-37.5,1
6240115,2,117.5,-42.5,1
6245115,2,117.5,-47.5,1
6205120,2,122.5,-7.5,1
6210120,2,122.5,-12.5,1
6215120,2,122.5,-17.5,1
6230120,2,122.5,-32.5,1
6235120,2,122.5,-37.5,1
6240120,2,122.5,-42.5,1
6245120,2,122.5,-47.5,1
6210125,2,127.5,-12.5,1
6230125,2,127.5,-32.5,1
6235125,2,127.5,-37.5,1
6240125,2,127.5,-42.5,1
6245125,2,127.5,-47.5,1
6230130,2,132.5,-32.5,1
6235130,2,132.5,-37.5,1
6240130,2,132.5,-42.5,1
6245130,2,132.5,-47.5,1
6230135,2,137.5,-32.5,1
6235135,2,137.5,-37.5,1
6240135,2,137.5,-42.5,1
6245135,2,137.5,-47.5,1
6250135,2,137.5,-52.5,1
6235140,2,142.5,-37.5,1
6240140,2,142.5,-42.5,1
6245140,2,142.5,-47.5,1
6250140,2,142.5,-52.5,1
6255140,2,142.5,-57.5,1
6235145,2,147.5,-37.5,1
6240145,2,147.5,-42.5,1
6245145,2,147.5,-47.5,1
6250145,2,147.5,-52.5,1
6255145,2,147.5,-57.5,1
5230020,1,20.5,-30.5,1
5233020,1,20.5,-33.5,1
5230021,1,21.5,-30.5,1
5241021,1,21.5,-41.5,1
5233024,1,24.5,-33.5,1
5235026,1,26.5,-35.5,1
5235029,1,29.5,-35.5,1
5234030,1,30.5,-34.5,1
5235030,1,30.5,-35.5,1
5233031,1,31.5,-33.5,1
5224039,1,39.5,-24.5,1
5235040,1,40.5,-35.5,1
5227042,1,42.5,-27.5,1
5222043,1,43.5,-22.5,1
5219044,1,44.5,-19.5,1
5105046,1,46.5,5.5,1
6255045,2,47.5,-55.5,1
5234048,1,48.5,-34.5,1
5227050,1,50.5,-27.5,1
5236051,1,51.5,-36.5,1
5225052,1,52.5,-25.5,1
5235053,1,53.5,-35.5,1
5227054,1,54.5,-27.5,1
5225055,1,55.5,-25.5,1
5226056,1,56.5,-26.5,1
5225058,1,58.5,-25.5,1
5226058,1,58.5,-26.5,1
5225059,1,59.5,-25.5,1
5222059,1,59.5,-22.5,1
5224060,1,60.5,-24.5,1
5215065,1,65.5,-15.5,1
5112068,1,68.5,12.5,1
5239068,1,68.5,-39.5,1
5238069,1,69.5,-38.5,1
5237069,1,69.5,-37.5,1
5108070,1,70.5,8.5,1
5107070,1,70.5,7.5,1
5238070,1,70.5,-38.5,1
5234070,1,70.5,-34.5,1
5237070,1,70.5,-37.5,1
5233070,1,70.5,-33.5,1
5108071,1,71.5,8.5,1
5107071,1,71.5,7.5,1
5104071,1,71.5,4.5,1
5106071,1,71.5,6.5,1
5102071,1,71.5,2.5,1
5108072,1,72.5,8.5,1
5235072,1,72.5,-35.5,1
5234072,1,72.5,-34.5,1
5233072,1,72.5,-33.5,1
5108073,1,73.5,8.5,1
5107073,1,73.5,7.5,1
5235073,1,73.5,-35.5,1
5233073,1,73.5,-33.5,1
5102074,1,74.5,2.5,1
5105074,1,74.5,5.5,1
5106074,1,74.5,6.5,1
5104074,1,74.5,4.5,1
5103074,1,74.5,3.5,1
5108074,1,74.5,8.5,1
5107074,1,74.5,7.5,1
5233074,1,74.5,-33.5,1
5102075,1,75.5,2.5,1
5106075,1,75.5,6.5,1
5108075,1,75.5,8.5,1
5107075,1,75.5,7.5,1
5232075,1,75.5,-32.5,1
5215075,1,75.5,-15.5,1
5110075,1,75.5,10.5,1
5234075,1,75.5,-34.5,1
5233075,1,75.5,-33.5,1
5104076,1,76.5,4.5,1
5108076,1,76.5,8.5,1
5107076,1,76.5,7.5,1
5105077,1,77.5,5.5,2
5106077,1,77.5,6.5,2
5107077,1,77.5,7.5,2
5108077,1,77.5,8.5,2
5232077,1,77.5,-32.5,1
5231077,1,77.5,-31.5,1
5233078,1,78.5,-33.5,1
5231078,1,78.5,-31.5,1
5214079,1,79.5,-14.5,1
5212079,1,79.5,-12.5,1
5107080,1,80.5,7.5,2
5108080,1,80.5,8.5,2
5210080,1,80.5,-10.5,2
5212080,1,80.5,-12.5,2
5213080,1,80.5,-13.5,2
5213082,1,82.5,-13.5,2
5235087,1,87.5,-35.5,2
5233087,1,87.5,-33.5,2
5235088,1,88.5,-35.5,2
5234088,1,88.5,-34.5,2
5235089,1,89.5,-35.5,2
5233090,1,90.5,-33.5,2
5233091,1,91.5,-33.5,2
5232091,1,91.5,-32.5,2
5236094,1,94.5,-36.5,2
5236095,1,95.5,-36.5,2
5236096,1,96.5,-36.5,2
5235097,1,97.5,-35.5,2
5236100,1,100.5,-36.5,2
5237101,1,101.5,-37.5,2
5207114,1,114.5,-7.5,2
5236130,1,130.5,-36.5,2
5235137,1,137.5,-35.5,2
5235138,1,138.5,-35.5,2
5235139,1,139.5,-35.5,2
5235140,1,140.5,-35.5,2
5238141,1,141.5,-38.5,2
5236141,1,141.5,-36.5,2
5105077,1,77.5,6.5,2
